,No Churn,Churn,predicted,user_id
3160,0.8583739449898391,0.14162605501016085,0,4531-AUZNK
1577,0.9902695172306708,0.00973048276932915,0,2296-DKZFP
6823,0.40108568758364027,0.5989143124163597,1,9692-TUSXH
3615,0.5022614733154918,0.4977385266845082,0,5129-JLPIS
882,0.20777833586521144,0.7922216641347886,1,1273-MTETI
6193,0.6964667288588471,0.30353327114115286,0,8757-TFHHJ
908,0.904746612800589,0.09525338719941097,0,1322-AGOQM
510,0.8691263893047851,0.13087361069521483,0,0743-HRVFF
644,0.6492298528597683,0.3507701471402317,0,0943-ZQPXH
2761,0.49138714461637756,0.5086128553836224,1,3932-CMDTD
4889,0.9941471282319282,0.0058528717680717685,0,6892-BOGQE
131,0.603368073529831,0.396631926470169,0,0224-HJAPT
1673,0.4015676539732307,0.5984323460267693,1,2439-LYPMQ
5623,0.4880831213427964,0.5119168786572036,1,7924-GJZFI
559,0.7081003495570248,0.2918996504429751,0,0823-HSCDJ
3401,0.8436776058846653,0.15632239411533466,0,4826-TZEVA
3643,0.8279016773225809,0.17209832267741904,0,5151-HQRDG
4792,0.31164573822072605,0.688354261779274,1,6734-GMPVK
2777,0.389412862231875,0.610587137768125,1,3951-NJCVI
503,0.7645503616398117,0.2354496383601883,0,0733-VUNUW
2497,0.90134176324065,0.09865823675935001,0,3571-DPYUH
6925,0.9656072757098348,0.03439272429016514,0,9824-QCJPK
5595,0.9970036101130969,0.0029963898869030986,0,7876-DNYAP
2733,0.7333135974764575,0.26668640252354253,0,3890-RTCMS
5379,0.31671818940321816,0.6832818105967818,1,7594-RQHXR
2259,0.8946761425399063,0.10532385746009362,0,3229-USWAR
4252,0.9876411083075362,0.012358891692463854,0,5995-LFTLE
1010,0.7220744188968157,0.2779255811031843,0,1456-TWCGB
1065,0.960174096114788,0.03982590388521199,0,1552-TKMXS
2292,0.30427233469569026,0.6957276653043097,1,3276-HDUEG
186,0.4069045898074948,0.5930954101925052,1,0302-JOIVN
1952,0.9367704407221519,0.06322955927784814,0,2830-LEWOA
4005,0.69392006449156,0.30607993550844,0,5649-TJHOV
4163,0.6018113139689705,0.3981886860310296,0,5886-VLQVU
962,0.9692155080683622,0.030784491931637802,0,1395-WSWXR
4623,0.45795939904548444,0.5420406009545156,1,6518-LGAOV
3146,0.2666732535012072,0.7333267464987928,1,4514-GFCFI
1118,0.6652653955461244,0.3347346044538756,0,1635-FJFCC
5402,0.7789263873021721,0.22107361269782783,0,7611-YKYTC
4121,0.89742995834872,0.10257004165127998,0,5829-NVSQN
264,0.9958776276019995,0.004122372398000461,0,0394-YONDK
676,0.8109334625446084,0.18906653745539156,0,0991-BRRFB
4237,0.9817934699782317,0.01820653002176834,0,5980-BDHPY
5868,0.983732500627485,0.016267499372515034,0,8249-THVEC
3556,0.9118677845495942,0.08813221545040581,0,5039-LZRQT
6440,0.843536536910932,0.15646346308906803,0,9115-YQHGA
5806,0.9825239430259843,0.017476056974015684,0,8174-LNWMW
3555,0.9492741233448433,0.05072587665515676,0,5038-ETMLM
4836,0.7581314787264601,0.24186852127353992,0,6815-ABQFQ
5748,0.28833054787224954,0.7116694521277505,1,8086-OVPWV
3878,0.9714682069494045,0.02853179305059548,0,5451-MHQOF
1339,0.8213488420904689,0.17865115790953107,0,1991-VOPLL
4777,0.9865564096517399,0.013443590348260115,0,6725-TPKJO
6276,0.9139478495614494,0.08605215043855062,0,8879-ZKJOF
2519,0.9163592489346233,0.08364075106537666,0,3597-YASZG
2064,0.8584582435794329,0.14154175642056707,0,2969-WGHQO
5680,0.7697350850730592,0.23026491492694076,0,8006-PYCSW
2338,0.8013372186511387,0.19866278134886123,0,3347-YJZZE
1150,0.9169743848675523,0.08302561513244769,0,1696-MZVAU
4200,0.37230700800409466,0.6276929919959053,1,5931-FLJJF
2403,0.3393285315453308,0.6606714684546692,1,3440-JPSCL
5622,0.9279284917660257,0.07207150823397433,0,7923-IYJWY
6155,0.551496849220044,0.4485031507799559,0,8718-PTMEZ
40,0.5506233255279942,0.44937667447200574,0,0067-DKWBL
4701,0.9888235256199532,0.011176474380046816,0,6625-IUTTT
6099,0.43471628893331327,0.5652837110666867,1,8637-XJIVR
1721,0.995542040053472,0.0044579599465279654,0,2509-TFPJU
315,0.9969181836626483,0.0030818163373517345,0,0464-WJTKO
5893,0.9582500162184328,0.041749983781567246,0,8292-FRFZQ
4854,0.684467889525583,0.315532110474417,0,6844-DZKRF
2273,0.4444703799014641,0.5555296200985359,1,3249-ZPQRG
5370,0.7242554574779643,0.2757445425220357,0,7580-UGXNC
2123,0.9876286771867907,0.012371322813209315,0,3050-RLLXC
393,0.46670079248386753,0.5332992075161325,1,0581-BXBUB
6037,0.6587635609589668,0.34123643904103323,0,8552-OBVRU
1645,0.933628701614479,0.06637129838552101,0,2388-LAESQ
3131,0.8718637852415798,0.12813621475842024,0,4488-PSYCG
6638,0.35217019447501297,0.647829805524987,1,9436-ZBZCT
1402,0.33496433154088945,0.6650356684591106,1,2074-GKOWZ
6865,0.7604236035172258,0.23957639648277423,0,9753-OYLBX
2124,0.5109624284507447,0.4890375715492553,0,3055-MJDSB
4092,0.9923628002105509,0.007637199789449151,0,5781-RFZRP
6869,0.6600001211800315,0.3399998788199685,0,9761-XUJWD
73,0.5848875953815551,0.41511240461844495,0,0118-JPNOY
6271,0.9809583112684629,0.01904168873153716,0,8874-EJNSR
1982,0.376055717938077,0.623944282061923,1,2867-UIMSS
7032,0.9924134931619275,0.007586506838072458,0,9975-GPKZU
4324,0.3185245883515906,0.6814754116484094,1,6100-QQHEB
2007,0.8699314109969374,0.13006858900306256,0,2896-TBNBE
5230,0.9693751851098755,0.03062481489012445,0,7359-WWYJV
4715,0.6214810777989339,0.3785189222010661,0,6646-JPPHA
3943,0.2873194651273946,0.7126805348726054,1,5550-VFRLC
1493,0.2733605680928358,0.7266394319071642,1,2202-CUYXZ
5703,0.3763952621228214,0.6236047378771786,1,8035-PWSEV
2588,0.3969191884356611,0.6030808115643389,1,3703-KBKZP
3974,0.3769661939273832,0.6230338060726168,1,5599-HVLTW
3831,0.9053553727327837,0.09464462726721637,0,5382-TEMLV
4492,0.9612028828560949,0.03879711714390508,0,6339-TBELP
5123,0.6582488815844834,0.34175111841551664,0,7207-RMRDB
1694,0.9180647781688105,0.0819352218311895,0,2469-DTSGX
2591,0.9891901577009642,0.010809842299035761,0,3704-IEAXF
4519,0.9586513866457721,0.04134861335422787,0,6368-TZZDT
5069,0.7927420538337657,0.20725794616623433,0,7129-AZJDE
4544,0.9879088479200324,0.012091152079967547,0,6407-GSJNL
6465,0.9753863346473051,0.024613665352694984,0,9150-HEPMB
1040,0.9844130702746532,0.015586929725346858,0,1506-YJTYT
5076,0.9167380037007755,0.08326199629922446,0,7134-HBPBS
2538,0.9925990991798276,0.007400900820172406,0,3635-QQRQD
4641,0.6544311105806796,0.3455688894193204,0,6549-NNDYT
6898,0.44097084584244906,0.559029154157551,1,9796-BPKIW
5735,0.5937639462014154,0.40623605379858463,0,8069-YQQAJ
5865,0.29541503294261595,0.704584967057384,1,8242-SOQUO
2308,0.9935792538022129,0.006420746197787044,0,3308-DGHKL
6174,0.2803352055786974,0.7196647944213026,1,8740-CRYFY
5767,0.9150534062816942,0.08494659371830578,0,8109-YUOHE
2795,0.7584827951495811,0.24151720485041894,0,3976-NLDEZ
4431,0.9888169000612398,0.011183099938760235,0,6248-BSHKG
2791,0.9929016069283899,0.007098393071610046,0,3970-XGJDU
432,0.5060599852940507,0.4939400147059493,0,0634-SZPQA
1772,0.9823752531737587,0.017624746826241218,0,2589-AYCRP
2677,0.9122153144755639,0.08778468552443604,0,3800-LYTRK
4652,0.9652168413022574,0.03478315869774262,0,6563-VRERX
7005,0.9182131654461626,0.08178683455383738,0,9938-ZREHM
1511,0.8148636113320251,0.1851363886679749,0,2220-IAHLS
6340,0.8160970840739628,0.18390291592603725,0,8979-CAMGB
169,0.9943834471665768,0.005616552833423164,0,0270-THENM
6769,0.24546159560522396,0.754538404394776,1,9611-CTWIH
6283,0.7559809085929926,0.24401909140700737,0,8885-QSQBX
6374,0.9425884042801783,0.05741159571982167,0,9030-QGZNL
1935,0.718749688830829,0.281250311169171,0,2810-FTLEM
4504,0.20337415926553437,0.7966258407344656,1,6350-XFYGW
4971,0.9465415902305429,0.05345840976945713,0,6993-YGFJV
2875,0.6936623456445983,0.30633765435540167,0,4097-YODCF
247,0.5635635812367148,0.43643641876328515,0,0376-OIWME
3543,0.4990756034423519,0.5009243965576481,1,5022-JNQEQ
3917,0.5716091863897239,0.42839081361027603,0,5515-AKOAJ
4938,0.41181446670730937,0.5881855332926906,1,6956-SMUCM
3598,0.6813282079678012,0.31867179203219875,0,5103-MHMHY
6606,0.8731458535223547,0.12685414647764523,0,9391-DXGGG
5323,0.9229773452184955,0.07702265478150448,0,7519-JTWQH
4347,0.7824689430981513,0.21753105690184876,0,6131-FOYAS
6818,0.19653864120322329,0.8034613587967767,1,9681-OXGVC
1329,0.33840296984566254,0.6615970301543375,1,1977-STDKI
5191,0.7669374242446587,0.2330625757553413,0,7302-ZHMHP
451,0.3677953182117606,0.6322046817882394,1,0661-XEYAN
4266,0.9511358816969029,0.04886411830309717,0,6007-TCTST
1142,0.9388680371447987,0.0611319628552013,0,1682-VCOIO
1684,0.2672995079845246,0.7327004920154754,1,2454-RPBRZ
6148,0.5512850010780739,0.4487149989219262,0,8710-YGLWG
506,0.9405154637470597,0.059484536252940264,0,0742-LAFQK
5026,0.9959705982636294,0.004029401736370558,0,7064-JHXCE
5863,0.642102609406749,0.35789739059325104,0,8242-JSVBO
1019,0.6652189776451878,0.3347810223548123,0,1471-GIQKQ
4820,0.8546059954615717,0.14539400453842838,0,6778-EICRF
942,0.8749630011545678,0.1250369988454322,0,1360-XFJMR
4049,0.9750421169791298,0.024957883020870243,0,5702-KVQRD
5392,0.9453255250790182,0.05467447492098179,0,7602-MVRMB
143,0.26005669333711134,0.7399433066628887,1,0236-HFWSV
601,0.7688932088679632,0.23110679113203678,0,0880-FVFWF
6386,0.9023837663620767,0.09761623363792325,0,9052-DHNKM
4337,0.9643806706193087,0.03561932938069135,0,6121-TNHBO
3285,0.7527946146896538,0.24720538531034622,0,4693-VWVBO
1074,0.5487683307135822,0.45123166928641784,0,1565-RHDJD
477,0.866073015832389,0.13392698416761095,0,0696-UKTOX
5882,0.6979938761825146,0.30200612381748543,0,8267-KFGYD
1801,0.9929617404014264,0.007038259598573662,0,2632-TACXW
1185,0.8928097076013879,0.10719029239861207,0,1744-JHKYS
391,0.6456594200024236,0.3543405799975764,0,0578-SKVMF
457,0.6742177994038092,0.3257822005961908,0,0670-KDOMA
5729,0.7169670674965619,0.2830329325034381,0,8065-BVEPF
2306,0.9430304402048583,0.056969559795141775,0,3301-VKTGC
5440,0.34131719380757064,0.6586828061924294,1,7660-HDPJV
1964,0.7755846407058479,0.22441535929415216,0,2843-CQMEG
4877,0.988253937297614,0.011746062702385963,0,6870-ZWMNX
972,0.9664563536633355,0.0335436463366645,0,1403-LKLIK
1675,0.20662596903170183,0.7933740309682982,1,2446-BEGGB
4368,0.9906259070620852,0.009374092937914849,0,6164-HAQTX
2363,0.252817148828976,0.747182851171024,1,3387-VATUS
2379,0.9452148961775887,0.05478510382241132,0,3407-JMJQQ
2503,0.942922064773837,0.05707793522616297,0,3580-HYCSP
3880,0.5139906202351336,0.48600937976486636,0,5453-AXEPF
2900,0.26090644317251876,0.7390935568274812,1,4132-KALRO
4614,0.899554502089437,0.100445497910563,0,6506-EYCNH
4540,0.3877385684768062,0.6122614315231938,1,6400-BWQKW
4912,0.9815907571000347,0.01840924289996528,0,6916-HIJSE
3678,0.9396702424449503,0.060329757555049664,0,5186-PEIZU
4293,0.974091541915274,0.02590845808472593,0,6048-NJXHX
4351,0.9926064699707916,0.007393530029208377,0,6134-KWTBV
4462,0.8670398563013838,0.1329601436986162,0,6289-CPNLD
3776,0.613407523921907,0.38659247607809305,0,5312-UXESG
1724,0.2773780472070163,0.7226219527929837,1,2514-GINMM
1764,0.9543846114447344,0.045615388555265625,0,2580-ASVVY
4550,0.9507732616915198,0.049226738308480206,0,6416-JNVRK
2629,0.9258719672860096,0.07412803271399043,0,3739-YBWAB
4915,0.7422469751502825,0.25775302484971746,0,6917-YACBP
6077,0.577918406263204,0.422081593736796,0,8614-VGMMV
3674,0.9886248120246296,0.011375187975370387,0,5181-OABFK
2068,0.9779954187684725,0.022004581231527487,0,2977-CEBSX
1111,0.24096513993943403,0.759034860060566,1,1624-NALOJ
3906,0.9466935593670401,0.053306440632959896,0,5495-GPSRW
4470,0.8366294182671664,0.16337058173283356,0,6303-KFWSL
3988,0.7582248213296738,0.24177517867032622,0,5624-BQSSA
4740,0.9848279510569851,0.015172048943014929,0,6681-ZSEXG
6485,0.31787776677230484,0.6821222332276952,1,9185-TQCVP
5886,0.5498490873884245,0.45015091261157547,0,8272-ONJLV
2373,0.45597479894570825,0.5440252010542918,1,3398-ZOUAA
6460,0.9846795867459471,0.015320413254052897,0,9140-CZQZZ
4554,0.9824690394677409,0.01753096053225909,0,6418-PIQSP
6790,0.5706969552232428,0.4293030447767571,0,9637-EIHEQ
7015,0.9912221507537361,0.008777849246263902,0,9953-ZMKSM
6929,0.9648790216986026,0.03512097830139736,0,9830-ECLEN
6394,0.5253614779168012,0.47463852208319873,0,9058-CBREO
3783,0.9781487870120755,0.021851212987924508,0,5321-NTRKC
3253,0.9306795034417314,0.06932049655826852,0,4654-DLAMQ
3270,0.7641768067266697,0.2358231932733303,0,4673-KKSLS
699,0.3314695746282478,0.6685304253717522,1,1031-IIDEO
2453,0.9929977041945073,0.007002295805492696,0,3512-IZIKN
3095,0.3932321493052101,0.6067678506947899,1,4439-JMPMT
22,0.4180851491447558,0.5819148508552442,1,0027-KWYKW
2999,0.9039838350831694,0.09601616491683064,0,4291-YZODP
121,0.4972783209012064,0.5027216790987936,1,0212-ISBBF
2102,0.6676127592615597,0.3323872407384402,0,3014-WJKSM
279,0.38882875337267064,0.6111712466273294,1,0411-EZJZE
4759,0.949028707355967,0.05097129264403298,0,6698-OXETB
109,0.8901601712006922,0.1098398287993078,0,0193-ESZXP
4400,0.8311062109263883,0.16889378907361174,0,6202-JVYEU
1249,0.7194996564515178,0.2805003435484822,0,1848-LBZHY
5796,0.21277152971736424,0.7872284702826358,1,8161-QYMTT
306,0.9456654576195478,0.05433454238045221,0,0454-OKRCT
831,0.9896481609987892,0.010351839001210793,0,1215-EXRMO
637,0.8812644047559586,0.11873559524404147,0,0931-MHTEM
4244,0.8889030670926109,0.11109693290738912,0,5985-BEHZK
6990,0.6130969922297659,0.3869030077702341,0,9921-EZKBY
3440,0.9876172444867016,0.012382755513298326,0,4878-BUNFV
3377,0.5886675228175897,0.4113324771824102,0,4811-JBUVU
4024,0.3827689391652308,0.6172310608347692,1,5673-FSSMF
3005,0.389249571759127,0.610750428240873,1,4301-VVZKA
3406,0.5825431728687456,0.4174568271312544,0,4828-FAZPK
4264,0.9847426627526006,0.015257337247399421,0,6000-UKLWI
5246,0.75723281993202,0.24276718006798,0,7395-XWZOY
4530,0.760436518954315,0.23956348104568506,0,6380-ARCEH
2622,0.8742496531233065,0.12575034687669354,0,3729-OWRVL
1972,0.44809736258988453,0.5519026374101155,1,2856-HYAPG
5581,0.7803262000569036,0.21967379994309646,0,7856-GANIL
3111,0.5684749447975016,0.4315250552024984,0,4459-BBGHE
6807,0.9878508476524979,0.01214915234750208,0,9661-JALZV
5506,0.9428113243975768,0.05718867560242327,0,7753-USQYQ
685,0.9041677269534403,0.09583227304655978,0,1015-JPFYW
5446,0.9792762545408537,0.020723745459146365,0,7665-NKLAV
6388,0.5449891548594616,0.4550108451405384,0,9053-EJUNL
3604,0.988279671320408,0.01172032867959209,0,5117-ZSMHQ
72,0.9128418220165926,0.08715817798340746,0,0117-LFRMW
6605,0.6291387692690307,0.3708612307309694,0,9389-ACWBI
4933,0.5917664995205693,0.40823350047943074,0,6946-LMSQS
1172,0.7069345674612515,0.29306543253874845,0,1725-MIMXW
2808,0.9965328408960535,0.0034671591039465016,0,3996-ZNWYK
615,0.6864910657119319,0.3135089342880682,0,0899-WZRSD
6233,0.8499651001180635,0.15003489988193647,0,8815-LMFLX
479,0.8684150841280963,0.13158491587190366,0,0699-NDKJM
1663,0.4416881906489978,0.5583118093510022,1,2424-WVHPL
4828,0.9548677876378782,0.04513221236212179,0,6797-LNAQX
1382,0.7268975942884481,0.27310240571155187,0,2043-WVTQJ
2843,0.9475472237495688,0.05245277625043125,0,4057-FKCZK
6021,0.9675367013016895,0.0324632986983106,0,8512-WIWYV
3622,0.9237448990111682,0.07625510098883177,0,5135-GRQJV
3972,0.2717561702286997,0.7282438297713003,1,5597-GLBUC
5675,0.9185238597650685,0.08147614023493151,0,7997-EASSD
3354,0.9913064609909769,0.008693539009023171,0,4785-FCIFB
1191,0.9678575916694638,0.032142408330536144,0,1755-FZQEC
3814,0.5137074498898795,0.48629255011012046,0,5364-XYIRR
5363,0.879353833349021,0.120646166650979,0,7572-KPVKK
3602,0.9924094675232469,0.00759053247675312,0,5115-SQAAU
4361,0.9259725328817128,0.07402746711828719,0,6147-CBCRA
2582,0.6380161096096433,0.3619838903903568,0,3692-JHONH
740,0.9796203861182025,0.020379613881797595,0,1088-CNNKB
2686,0.9500472159273656,0.04995278407263434,0,3810-DVDQQ
5561,0.32478450826160565,0.6752154917383943,1,7831-QGOXH
2429,0.9616584192604642,0.03834158073953578,0,3474-BAFSJ
2701,0.8037628099189803,0.1962371900810197,0,3842-IYKUE
6026,0.5418190414174993,0.45818095858250074,0,8519-QJGJD
6862,0.520585229063796,0.47941477093620405,0,9747-DDZOS
2880,0.9548875433765993,0.04511245662340065,0,4106-HADHQ
11,0.9566316833009247,0.0433683166990753,0,0017-IUDMW
3343,0.4615491543897,0.5384508456103,1,4763-PGDPO
6186,0.737207462558218,0.262792537441782,0,8751-EDEKA
2172,0.9082242979089743,0.0917757020910257,0,3104-OWCGK
2199,0.7609232549088658,0.23907674509113425,0,3148-BLQJT
1940,0.34506974008115276,0.6549302599188472,1,2815-CPTUL
3581,0.796710960985481,0.20328903901451895,0,5073-WXOYN
3341,0.651647788394008,0.34835221160599195,0,4760-THGOT
1878,0.8985553689995223,0.10144463100047775,0,2724-FJDYW
5428,0.9865418904466015,0.013458109553398583,0,7639-OPLNG
2304,0.9581859193939078,0.041814080606092124,0,3298-QEICA
6586,0.910555004049339,0.08944499595066098,0,9362-MWODR
5278,0.9568014819070341,0.04319851809296588,0,7446-SFAOA
3326,0.9949230534314949,0.005076946568505115,0,4737-AQCPU
6705,0.85259465327463,0.14740534672537003,0,9522-ZSINC
2633,0.9800049160749505,0.01999508392504947,0,3745-HRPHI
1831,0.7435303587421722,0.25646964125782773,0,2669-QVCRG
671,0.9171930155147145,0.08280698448528544,0,0980-FEXWF
4761,0.9834270240574086,0.016572975942591422,0,6701-YVNQG
808,0.9806066084730046,0.019393391526995426,0,1177-XZBJL
5517,0.9846471358420484,0.01535286415795153,0,7771-CFQRQ
1542,0.8415441534654533,0.15845584653454672,0,2252-JHJGE
448,0.9036191736949032,0.09638082630509681,0,0661-KBKPA
6255,0.823747104804856,0.17625289519514395,0,8851-RAGOV
4955,0.814213318254382,0.18578668174561794,0,6979-TNDEU
1400,0.9940422450634734,0.005957754936526606,0,2072-ZVJJX
840,0.9346421871712562,0.06535781282874374,0,1222-KJNZD
6595,0.993692527601399,0.006307472398600991,0,9372-TXXPS
4242,0.9317912304312008,0.06820876956879914,0,5982-PSMKW
1712,0.5184393690088174,0.4815606309911826,0,2495-KZNFB
119,0.5459404806032057,0.45405951939679434,0,0207-MDKNV
927,0.905066633635458,0.09493336636454203,0,1346-PJWTK
2646,0.910166414433035,0.08983358556696491,0,3758-CKOQL
4939,0.7831280694117211,0.2168719305882789,0,6959-GQEGV
1780,0.5912906867560481,0.40870931324395193,0,2604-IJPDU
4380,0.9313296445008123,0.06867035549918771,0,6174-NRBTZ
4481,0.9928761578561006,0.007123842143899419,0,6323-AYBRX
31,0.9823188813616511,0.017681118638348904,0,0048-PIHNL
5545,0.8528047170059974,0.14719528299400264,0,7811-JIVPF
5490,0.5723122415580276,0.4276877584419724,0,7729-JTEEC
4134,0.9948829848145716,0.005117015185428416,0,5846-ABOBJ
6500,0.23347730761769236,0.7665226923823076,1,9221-OTIVJ
2003,0.8863874572223587,0.11361254277764127,0,2889-FPWRM
5636,0.9695176492723492,0.0304823507276508,0,7945-HLKEA
6591,0.8347866460572001,0.16521335394279993,0,9367-TCUYN
1567,0.90091396015735,0.09908603984265,0,2277-BKJKN
5420,0.9851584410830351,0.014841558916964885,0,7633-MVPUY
3015,0.5063318898453857,0.49366811015461437,0,4315-MURBD
504,0.6324831910663493,0.36751680893365074,0,0734-OXWBT
6152,0.5054632463564611,0.4945367536435389,0,8714-EUHJO
555,0.4446623994324962,0.5553376005675038,1,0818-OCPZO
17,0.24406004020990357,0.7559399597900964,1,0021-IKXGC
5945,0.9307185486876892,0.06928145131231081,0,8383-SGHJU
4501,0.37206213086302,0.62793786913698,1,6347-DCUIK
1328,0.5702276520683217,0.4297723479316783,0,1976-CFOCS
3426,0.40416915740227843,0.5958308425977216,1,4854-CIDCF
6446,0.966428314139962,0.03357168586003802,0,9127-QRZMH
819,0.42256929637446505,0.577430703625535,1,1196-AMORA
4770,0.6974006149331351,0.30259938506686496,0,6713-OKOMC
6917,0.8428812016250804,0.15711879837491963,0,9820-RMCQV
4175,0.9955548534188212,0.004445146581178774,0,5902-WBLSE
5355,0.2973047506427128,0.7026952493572872,1,7563-BIUPC
5460,0.7112206909210264,0.2887793090789737,0,7683-CBDKJ
4628,0.9749779853736517,0.025022014626348312,0,6522-OIQSX
261,0.4359897896313891,0.5640102103686109,1,0388-EOPEX
5620,0.9925328632763967,0.007467136723603289,0,7921-BEPCI
6260,0.9786773496983585,0.021322650301641485,0,8859-DZTGQ
2578,0.6829507820349972,0.31704921796500285,0,3683-QKIUE
1453,0.93291480452864,0.06708519547136,0,2144-ESWKO
3570,0.9542414799552436,0.04575852004475648,0,5057-RKGLH
1857,0.6030811223421795,0.39691887765782047,0,2692-PFYTJ
2105,0.9622454347892114,0.0377545652107886,0,3021-VLNRJ
709,0.8715398542990109,0.12846014570098913,0,1045-LTCYT
5252,0.9820267658936458,0.01797323410635417,0,7401-JIXNM
1821,0.3286791281452228,0.6713208718547772,1,2657-VPXTA
3544,0.448638176856189,0.551361823143811,1,5022-KVDQT
1582,0.7666325565595129,0.2333674434404871,0,2305-MRGLV
2715,0.8731129939606601,0.12688700603933992,0,3865-YIOTT
6747,0.9570273531206789,0.042972646879321105,0,9577-WJVCQ
2705,0.7451327233108658,0.2548672766891342,0,3847-BAERP
2836,0.9598841585195961,0.04011584148040398,0,4032-RMHCI
5439,0.5352354024816628,0.46476459751833726,0,7658-UYUQS
6532,0.5083450460143362,0.49165495398566383,0,9274-UARKJ
576,0.9951228482310591,0.004877151768940852,0,0847-HGRML
4310,0.5644905074144072,0.4355094925855928,0,6078-VESFR
2957,0.6058946369708929,0.3941053630291071,0,4223-WOZCM
643,0.9593304403521432,0.04066955964785684,0,0942-KOWSM
5533,0.6781280825860934,0.32187191741390664,0,7789-HKSBS
6635,0.930484295987037,0.06951570401296304,0,9432-RUVSL
2548,0.42332610995680187,0.5766738900431981,1,3644-QXEHN
3277,0.8858079616867612,0.11419203831323876,0,4683-WYDOU
629,0.3814745004591974,0.6185254995408026,1,0925-VYDLG
2057,0.6044635928539832,0.39553640714601684,0,2960-NKRSO
1808,0.9211460324129981,0.0788539675870019,0,2639-UGMAZ
2009,0.7140834367504977,0.2859165632495023,0,2898-LSJGD
1998,0.624967462481671,0.375032537518329,0,2884-GBPFB
3259,0.4593102614226565,0.5406897385773435,1,4659-NZRUF
588,0.6501941099121611,0.34980589008783886,0,0867-LDTTC
5526,0.9602286241724591,0.039771375827540846,0,7781-EWARA
3395,0.1728979932648922,0.8271020067351078,1,4822-RVYBB
6904,0.9965683002027564,0.003431699797243515,0,9800-OUIGR
2469,0.9909494181429586,0.00905058185704141,0,3533-UVMOM
5996,0.8606939396933593,0.13930606030664067,0,8457-XIGKN
2086,0.9787081189638567,0.02129188103614328,0,2990-OGYTD
3696,0.9327074864071137,0.06729251359288638,0,5203-XEHAX
5898,0.9734121672813472,0.026587832718652893,0,8295-KMENE
6156,0.5700129615752703,0.4299870384247298,0,8720-RQSBJ
6902,0.3066648058418987,0.6933351941581013,1,9799-CAYJJ
2607,0.7884925655272867,0.2115074344727133,0,3717-OFRTN
1984,0.2875596379938129,0.7124403620061871,1,2868-MZAGQ
6072,0.9661847191131089,0.03381528088689108,0,8606-OEGQZ
6400,0.9912231990968785,0.008776800903121542,0,9065-ZCPQX
3201,0.48042572401816497,0.519574275981835,1,4587-NUKOX
6346,0.7954383469431051,0.20456165305689486,0,8985-OOPOS
5423,0.6005111884193239,0.39948881158067606,0,7636-OWBPG
4117,0.9538424482413728,0.046157551758627256,0,5825-XJOCM
2929,0.6814498594612344,0.3185501405387656,0,4183-WCSEP
3744,0.9855272588698754,0.014472741130124684,0,5275-PMFUT
1188,0.41310370693337173,0.5868962930666283,1,1751-NCDLI
4754,0.9698319771982767,0.030168022801723263,0,6693-DJWTY
2813,0.8480025819646623,0.15199741803533776,0,4002-BQWPQ
4937,0.7422074772877361,0.2577925227122639,0,6954-OOYZZ
6378,0.870630982259587,0.12936901774041304,0,9039-RBEEE
3658,0.9638145700323165,0.03618542996768353,0,5170-PTRKA
5220,0.7477507230387087,0.2522492769612913,0,7346-MEDWM
3722,0.40324712624112224,0.5967528737588778,1,5233-GEEAX
2451,0.7064188870323533,0.29358111296764666,0,3511-APPBJ
5086,0.8113773570674748,0.18862264293252518,0,7143-BQIBA
2060,0.8870899042937603,0.11291009570623967,0,2967-MXRAV
5294,0.9640618646339107,0.035938135366089224,0,7473-ZBDSN
163,0.4674104345056693,0.5325895654943307,1,0265-EDXBD
955,0.731414522912752,0.26858547708724806,0,1386-ZIKUV
283,0.6332890024042831,0.3667109975957169,0,0420-BWTPW
682,0.8269157477066433,0.17308425229335672,0,1009-IRMNA
2767,0.9867555545774844,0.013244445422515589,0,3938-YFPXD
2620,0.9525019963813263,0.047498003618673776,0,3727-OWVYD
4204,0.3197992369525535,0.6802007630474465,1,5937-EORGB
1916,0.8366029477971539,0.16339705220284606,0,2791-SFVEW
672,0.6934395272913686,0.3065604727086314,0,0980-PVMRC
2552,0.8780565299038872,0.1219434700961129,0,3648-GZPHF
6815,0.8950014080814774,0.10499859191852257,0,9677-AVKED
1083,0.9639737107403117,0.036026289259688364,0,1576-PFZIW
6651,0.6083251166942353,0.3916748833057647,0,9462-MJUAW
5318,0.3359135273049497,0.6640864726950503,1,7511-YMXVQ
5067,0.7894060784291066,0.21059392157089343,0,7128-GGCNO
5302,0.9213510615752188,0.07864893842478111,0,7492-TAFJD
6290,0.9426005343759416,0.05739946562405834,0,8901-UPRHR
3559,0.9864420158186756,0.013557984181324333,0,5044-XDPYX
683,0.3982710637072784,0.6017289362927216,1,1010-DIAUQ
1854,0.26447056461961493,0.7355294353803851,1,2691-NZETQ
5372,0.4923177263232843,0.5076822736767157,1,7586-ZATGZ
1222,0.898568098487235,0.10143190151276504,0,1810-MVMAI
5186,0.5902135142194707,0.40978648578052934,0,7296-PIXQY
7036,0.3695674259969922,0.6304325740030078,1,9985-MWVIX
5001,0.3285148267184157,0.6714851732815843,1,7028-DVOIQ
285,0.9867245174230429,0.013275482576957081,0,0420-TXVSG
4936,0.9874726033971056,0.012527396602894324,0,6953-PBDIN
743,0.9788620014968578,0.021137998503142255,0,1090-ESELR
6293,0.49545120168692647,0.5045487983130735,1,8903-XEBGX
6717,0.9396788775767021,0.06032112242329794,0,9541-PWTWO
756,0.924677049405215,0.07532295059478494,0,1099-BTKWT
6227,0.7355251980594788,0.2644748019405212,0,8807-ARQET
458,0.759216712097859,0.24078328790214104,0,0673-IGUQO
487,0.28401064487714955,0.7159893551228504,1,0709-TVGUR
6529,0.6071957393001679,0.3928042606998321,0,9269-CQOOL
5537,0.559123324045349,0.440876675954651,0,7798-JVXYM
5327,0.9875729864664271,0.012427013533572938,0,7524-VRLPL
6188,0.8996281807134912,0.10037181928650885,0,8752-IMQOS
30,0.8355994424001044,0.16440055759989555,0,0048-LUMLS
4548,0.6878762198246327,0.3121237801753673,0,6410-LEFEN
3640,0.6519136539667363,0.34808634603326366,0,5149-TGWDZ
3916,0.8930513602191064,0.10694863978089361,0,5514-YQENT
2133,0.452924760217316,0.547075239782684,1,3063-QFSZL
3110,0.9896919167213191,0.01030808327868094,0,4458-KVRBJ
4707,0.9763959873311095,0.02360401266889044,0,6631-HMANX
2137,0.6916062925453254,0.30839370745467465,0,3069-SSVSN
3050,0.8972688163250769,0.10273118367492307,0,4366-CTOUZ
3278,0.7532177948661265,0.24678220513387344,0,4685-ERGHK
4076,0.9541471747214106,0.04585282527858934,0,5756-OZRIO
2704,0.6288361633778714,0.37116383662212865,0,3845-JHAMY
4203,0.22618242575394853,0.7738175742460515,1,5935-FCCNB
2423,0.8317133101873038,0.16828668981269618,0,3468-DRVQJ
2506,0.5957245292458813,0.40427547075411874,0,3583-KRKMD
1662,0.9147802794473711,0.08521972055262896,0,2419-FSORS
938,0.7136638670217343,0.2863361329782656,0,1357-BIJKI
3123,0.4086247442510569,0.5913752557489431,1,4480-QQRHC
1091,0.5297034518299872,0.4702965481700127,0,1589-AGTLK
6786,0.6353476994014682,0.36465230059853176,0,9631-XEYKE
5312,0.24817037262220676,0.7518296273777932,1,7503-ZGUZJ
2411,0.9285819115678616,0.07141808843213841,0,3452-FLHYD
3709,0.41653482047625534,0.5834651795237447,1,5219-YIPTK
4217,0.8091765147182651,0.19082348528173484,0,5951-AOFIH
2656,0.995045764680401,0.004954235319599058,0,3774-VBNXY
5929,0.9543958831047186,0.04560411689528138,0,8348-JLBUG
267,0.3945410503196586,0.6054589496803414,1,0396-YCHWO
3853,0.5689789762896356,0.43102102371036444,0,5419-JKZNQ
6229,0.2637780738277008,0.7362219261722992,1,8808-ELEHO
3495,0.9545093908298461,0.04549060917015386,0,4950-HKQTE
4927,0.8725298916575233,0.12747010834247668,0,6933-FHBZC
2211,0.5906473870381324,0.40935261296186765,0,3165-HDOEW
6424,0.8306283732524303,0.16937162674756964,0,9097-ZUBYC
1027,0.49079372769522356,0.5092062723047764,1,1482-OXZSY
6320,0.9926877186905362,0.00731228130946385,0,8946-BFWSG
2978,0.6702320219717686,0.32976797802823143,0,4256-ZWTZI
3070,0.8726830092243867,0.12731699077561331,0,4393-OBCRR
43,0.9247396341626969,0.07526036583730313,0,0074-HDKDG
316,0.5826242490068461,0.4173757509931539,0,0468-YRPXN
4985,0.885063470924022,0.11493652907597798,0,7010-ZMVBF
4126,0.2751182050000591,0.7248817949999409,1,5835-BEQEU
6867,0.9887630567999924,0.011236943200007591,0,9755-JHNMN
5746,0.9057629452662046,0.09423705473379546,0,8084-OIVBS
2837,0.41016329169734744,0.5898367083026526,1,4039-HEUNW
2407,0.6796786356385611,0.32032136436143893,0,3446-QDSZF
6960,0.6451340746585772,0.3548659253414228,0,9873-MNDKV
4496,0.8848940021060332,0.11510599789396679,0,6341-JVQGF
6261,0.9804892886949678,0.01951071130503221,0,8859-YSTWS
1208,0.5499322305874457,0.45006776941255433,0,1777-JYQPJ
1852,0.29093106905451815,0.7090689309454818,1,2688-BHGOG
5006,0.9226904932709102,0.0773095067290898,0,7032-LMBHI
4265,0.37690202186893995,0.62309797813106,1,6005-OBZPH
5902,0.9627084778706219,0.03729152212937812,0,8311-UEUAB
3504,0.6466791828235788,0.35332081717642116,0,4959-JOSRX
3478,0.2248860727481684,0.7751139272518316,1,4927-WWOOZ
3793,0.8347038914994525,0.16529610850054752,0,5334-JLAXU
4480,0.8618010150440557,0.13819898495594427,0,6322-PJJDJ
1847,0.8857103282862815,0.11428967171371855,0,2682-KEVRP
4904,0.691838920494057,0.30816107950594296,0,6905-NIQIN
4745,0.9919502464067069,0.008049753593293074,0,6685-XSHHU
4970,0.9028433194170782,0.09715668058292184,0,6993-YCOBK
2731,0.9658471355838777,0.034152864416122274,0,3887-PBQAO
3289,0.8875343057991847,0.11246569420081527,0,4697-LUPSU
6652,0.524565736884669,0.47543426311533105,0,9465-RWMXL
2798,0.7629637157752195,0.2370362842247805,0,3981-QSVQI
3105,0.8995383607023046,0.10046163929769533,0,4451-RWASJ
1546,0.9801037951072968,0.019896204892703214,0,2256-YLYLP
6830,0.8384994595461478,0.16150054045385218,0,9701-CDXHR
4733,0.6924366905708488,0.3075633094291512,0,6664-FPDAC
3805,0.5746659572328352,0.4253340427671648,0,5351-QESIO
2279,0.7100070358256427,0.28999296417435727,0,3258-SANFR
2061,0.21907422109232155,0.7809257789076784,1,2968-SSGAA
979,0.5973823628108621,0.4026176371891379,0,1421-HCERK
5334,0.3836649134285759,0.6163350865714241,1,7534-BFESC
939,0.645875933188952,0.354124066811048,0,1357-MVDOZ
6723,0.9713362583168151,0.02866374168318482,0,9548-LERKT
3729,0.3283338117704321,0.6716661882295679,1,5244-IRFIH
5664,0.6144925179431433,0.3855074820568567,0,7982-VCELR
4062,0.9845273499114643,0.015472650088535699,0,5727-MYATE
5253,0.6635899431673893,0.33641005683261077,0,7401-RUBNK
2809,0.3370263874786278,0.6629736125213722,1,3999-QGRJH
1255,0.3774017425019939,0.6225982574980061,1,1853-UDXBW
5272,0.7584698078375243,0.24153019216247576,0,7434-SHXLS
4201,0.40150368728471286,0.5984963127152871,1,5934-RMPOV
1030,0.8772157181095487,0.1227842818904513,0,1488-SYSFC
5731,0.33662927670466813,0.6633707232953319,1,8065-YKXKD
3866,0.9596518599205335,0.04034814007946648,0,5442-PPTJY
2965,0.5132722329051327,0.4867277670948673,0,4236-UJPWO
3730,0.9585184802432242,0.04148151975677588,0,5245-VDBUR
6899,0.9105985342290422,0.08940146577095777,0,9796-MVYXX
6694,0.9909186547126829,0.009081345287317088,0,9507-HSMMZ
3952,0.8759862524001738,0.12401374759982624,0,5566-SOEZD
1037,0.9729496935999133,0.027050306400086658,0,1498-NHTLT
6497,0.5591905175508636,0.44080948244913637,0,9214-EKVXR
1275,0.7253370427245376,0.27466295727546236,0,1895-QTKDO
4625,0.5226026939308959,0.47739730606910413,0,6519-CFDBX
228,0.47946597552409487,0.5205340244759051,1,0354-WYROK
1239,0.9765599780569022,0.023440021943097803,0,1837-YQUCE
3335,0.9591012492285205,0.04089875077147948,0,4750-UKWJK
5515,0.6227716679045303,0.3772283320954697,0,7766-CLTIC
6814,0.9803715331626485,0.019628466837351533,0,9675-ICXCT
2089,0.9759539088192813,0.024046091180718675,0,2996-XAUVF
618,0.9641271088266007,0.035872891173399354,0,0906-QVPMS
5326,0.7996210300015878,0.20037896999841223,0,7521-YXVZY
5077,0.8228199736679511,0.17718002633204888,0,7134-MJPDY
4307,0.9289029258379596,0.0710970741620404,0,6075-QMNRR
192,0.8904884426899599,0.10951155731004013,0,0308-GIQJT
2994,0.4200084803224128,0.5799915196775872,1,4290-BSXUX
3423,0.7541670689478763,0.24583293105212373,0,4851-BQDNX
5089,0.8953524238653453,0.1046475761346547,0,7148-XZPHA
5708,0.36028956188669636,0.6397104381133036,1,8042-JVNFH
5861,0.9956764713252041,0.004323528674795948,0,8237-ULIXL
6420,0.8302421817816494,0.16975781821835062,0,9092-GDZKO
4790,0.7772979599272261,0.222702040072774,0,6734-CKRSM
4192,0.768483541855857,0.23151645814414304,0,5919-VCZYM
2833,0.6255603295445156,0.37443967045548443,0,4026-SKKHW
2371,0.2685646793493437,0.7314353206506563,1,3398-FSHON
5283,0.89917565569562,0.10082434430438,0,7459-IMVYU
4193,0.8758924899693491,0.1241075100306509,0,5921-NGYRH
6129,0.7537474661608339,0.24625253383916618,0,8679-LZBMD
6507,0.9063773524452534,0.09362264755474657,0,9229-RQABD
6700,0.42625769791720636,0.5737423020827936,1,9514-JDSKI
5563,0.9499661860409996,0.0500338139590004,0,7838-LAZFO
4771,0.4141215981334998,0.5858784018665002,1,6715-OFDBP
5607,0.48724467849488895,0.512755321505111,1,7895-VONWT
4483,0.2438014272308996,0.7561985727691004,1,6328-ZPBGN
3233,0.3346563879860768,0.6653436120139232,1,4631-OACRM
6052,0.9022315874389086,0.09776841256109134,0,8573-JGCZW
3847,0.7136579177872617,0.28634208221273827,0,5402-HTOTQ
3505,0.9586534816722779,0.04134651832772202,0,4962-CHQPW
579,0.8272856796218677,0.17271432037813225,0,0851-DFJKB
3893,0.8209118334471007,0.17908816655289927,0,5478-JJVZK
5289,0.9054972401084296,0.09450275989157036,0,7470-DYNOE
2908,0.9030394662692514,0.09696053373074864,0,4139-JPIAM
6612,0.7132236921481026,0.2867763078518975,0,9396-ZSFLL
6093,0.9437079230995624,0.05629207690043756,0,8630-QSGXK
1652,0.9819556454963174,0.018044354503682525,0,2400-XIWIO
6801,0.9852683680974088,0.014731631902591158,0,9650-VBUOG
2687,0.9944885914516367,0.005511408548363299,0,3810-PJUHR
4222,0.2720308295557703,0.7279691704442297,1,5956-YHHRX
6082,0.3010972723140448,0.6989027276859552,1,8622-ZLFKO
6712,0.953861761939306,0.04613823806069392,0,9531-NSBMR
6977,0.4207326605086823,0.5792673394913177,1,9903-LYSAB
1939,0.7856436371492413,0.21435636285075862,0,2812-SFXMJ
6206,0.47715356194314074,0.5228464380568593,1,8778-LMWTJ
1836,0.8031936417637024,0.19680635823629755,0,2673-CXQEU
4288,0.8632240440100807,0.13677595598991932,0,6036-TTFYU
1423,0.8802113548303859,0.11978864516961406,0,2096-XOTMO
5613,0.7286280179710155,0.2713719820289845,0,7905-NJMXS
4357,0.7631051639165085,0.23689483608349146,0,6141-OOXUQ
748,0.9625115792065668,0.03748842079343316,0,1093-YSWCA
3323,0.8300178987558182,0.1699821012441818,0,4732-RRJZC
3489,0.9560536742817459,0.043946325718254034,0,4942-VZZOM
516,0.8794324054443743,0.12056759455562571,0,0750-EBAIU
3457,0.451874913737758,0.548125086262242,1,4902-OHLSK
4885,0.9897631951258635,0.010236804874136474,0,6885-PKOAM
5634,0.993577938762296,0.006422061237703905,0,7941-RCJOW
6470,0.6745891028206777,0.32541089717932226,0,9158-VCTQB
6955,0.40785361235238526,0.5921463876476147,1,9866-QEVEE
2771,0.7368894168805513,0.26311058311944874,0,3946-JEWRQ
3230,0.8374945225454962,0.1625054774545039,0,4628-CTTLA
3467,0.22307007809320978,0.7769299219067902,1,4912-PIGUY
5999,0.8730564385370582,0.1269435614629418,0,8465-SBRXP
2750,0.99120474385485,0.00879525614514995,0,3913-FCUUW
6475,0.9883897936164158,0.011610206383584275,0,9170-ARBTB
967,0.18448975880632312,0.8155102411936769,1,1400-MMYXY
3320,0.5944275520927338,0.4055724479072662,0,4727-MCYZG
248,0.41501943715452216,0.5849805628454778,1,0376-YMCJC
6393,0.18503354588701815,0.8149664541129819,1,9057-SIHCH
1373,0.530057901454632,0.469942098545368,0,2038-LLMLM
1299,0.9835232675108463,0.016476732489153694,0,1930-QPBVZ
4295,0.950702131249991,0.04929786875000899,0,6048-UWKAL
812,0.34492411613203133,0.6550758838679687,1,1184-PJVDB
4720,0.9494965769699926,0.05050342303000747,0,6650-BWFRT
5485,0.7645393591235916,0.23546064087640833,0,7721-DVEKZ
5820,0.9807541681347336,0.01924583186526646,0,8191-XWSZG
3985,0.9045834245847995,0.0954165754152005,0,5619-PTMIK
5794,0.5876699658189575,0.4123300341810426,0,8158-WPEZG
7031,0.8466564374479019,0.1533435625520981,0,9974-JFBHQ
592,0.8439202382280515,0.15607976177194846,0,0870-VEMYL
5251,0.9952412615788765,0.004758738421123455,0,7399-QHBJS
2555,0.9754581455428962,0.024541854457103746,0,3654-ARMGP
1016,0.9885905491545729,0.011409450845427053,0,1468-DEFNC
4839,0.7603544358972465,0.23964556410275348,0,6818-WOBHJ
3941,0.8702740175633997,0.1297259824366003,0,5546-QUERU
5482,0.9940590025987168,0.005940997401283155,0,7717-BICXI
3414,0.9956736596123871,0.004326340387612937,0,4836-WNFNO
4115,0.9656389624865375,0.03436103751346252,0,5820-PTRYM
1319,0.6179310053449725,0.3820689946550275,0,1963-SVUCV
3387,0.38603764472553004,0.61396235527447,1,4817-VYYWS
3487,0.7952231835144126,0.2047768164855874,0,4939-KYYPY
6453,0.9817338743762787,0.018266125623721274,0,9135-MGVPY
1571,0.9616615036159808,0.03833849638401923,0,2282-YGNOR
5895,0.7989844434437064,0.20101555655629358,0,8292-TYSPY
5342,0.28220449892051747,0.7177955010794825,1,7548-SEPYI
6351,0.28054468811309563,0.7194553118869044,1,8992-JQYUN
4450,0.8186281669019817,0.18137183309801824,0,6270-OMFIW
4560,0.9414448994049216,0.058555100595078374,0,6427-FEFIG
6314,0.48166355119195603,0.518336448808044,1,8938-UMKPI
415,0.983725475821705,0.016274524178295034,0,0617-AQNWT
108,0.6883697023679185,0.31163029763208155,0,0191-ZHSKZ
4620,0.24400117863173298,0.755998821368267,1,6513-EECDB
6853,0.41261468153384806,0.5873853184661519,1,9734-YWGEX
2288,0.4188934445805542,0.5811065554194458,1,3269-ATYWD
5750,0.90467845428903,0.09532154571097,0,8089-UZWLX
1034,0.9561651687117138,0.04383483128828623,0,1494-EJZDW
3300,0.5621321112323308,0.4378678887676693,0,4706-DGAHW
4021,0.4779741456883697,0.5220258543116303,1,5669-SRAIP
1280,0.5013857706745373,0.4986142293254628,0,1902-XBTFB
5204,0.4313051074509593,0.5686948925490407,1,7321-PKUYW
960,0.7775591564342881,0.22244084356571192,0,1394-SUIUH
362,0.656616498474899,0.343383501525101,0,0531-ZZJWQ
5028,0.7202458154178519,0.2797541845821481,0,7067-KSAZT
3661,0.9576068799715703,0.042393120028429654,0,5172-RKOCB
6944,0.9245564650917907,0.07544353490820935,0,9847-HNVGP
1474,0.28924621927963656,0.7107537807203634,1,2180-DXNEG
3619,0.5453254027181523,0.45467459728184767,0,5133-POWUA
4254,0.3015868752803642,0.6984131247196358,1,5995-SNNEW
5132,0.9939462501655446,0.006053749834455349,0,7225-IILWY
4837,0.6949283015840069,0.3050716984159932,0,6817-WTYHE
146,0.8275553807468523,0.17244461925314766,0,0239-OXEXL
3072,0.29763596458595676,0.7023640354140432,1,4395-PZMSN
5568,0.8385675190503932,0.16143248094960677,0,7845-URHJN
3318,0.6819697440342228,0.31803025596577716,0,4724-WXVWF
2108,0.9454742585568988,0.054525741443101176,0,3026-ATZYV
4662,0.46995827498239995,0.5300417250176,1,6581-NQCBA
3919,0.6268030510230331,0.3731969489769668,0,5515-RUGKN
3993,0.6925592393888308,0.3074407606111692,0,5628-RKIFK
1937,0.8892690429731124,0.11073095702688761,0,2812-ENYMO
6371,0.6948984840576549,0.3051015159423451,0,9027-YFHQJ
6503,0.9671861117489341,0.03281388825106588,0,9225-BZLNZ
2212,0.9801293152039683,0.01987068479603167,0,3166-PNEOF
5754,0.6057183533667715,0.3942816466332285,0,8096-LOIST
3980,0.546653046807927,0.45334695319207297,0,5606-AMZBO
993,0.9127456130394963,0.08725438696050372,0,1442-OKRJE
4749,0.3638753667424325,0.6361246332575675,1,6689-TCZHQ
5101,0.9919324560150639,0.008067543984936098,0,7167-PCEYD
2661,0.7290473276985919,0.27095267230140807,0,3780-DDGSE
1826,0.9668817492528751,0.03311825074712498,0,2664-XJZNO
6197,0.9838063889504255,0.016193611049574494,0,8766-PAFNE
4110,0.6129444704361589,0.38705552956384115,0,5813-UECBU
5159,0.6550909538795433,0.34490904612045675,0,7252-NTGSS
4270,0.294459994302107,0.705540005697893,1,6015-VVHHE
5051,0.9867216666815444,0.013278333318455598,0,7103-ZGVNT
1138,0.9893028628171397,0.010697137182860214,0,1676-MQAOA
6622,0.8803531883847454,0.1196468116152546,0,9411-TPQQV
3158,0.28212426280880176,0.7178757371911982,1,4529-CKBCL
1151,0.8850338838631696,0.11496611613683039,0,1697-BCSHV
3262,0.5575069893303632,0.4424930106696368,0,4662-EKDPQ
1257,0.74172383258186,0.25827616741813997,0,1855-CFULU
2752,0.4812979399843095,0.5187020600156905,1,3914-FDRHP
3527,0.9476069233188117,0.05239307668118834,0,5003-OKNNK
2746,0.42380051693262144,0.5761994830673786,1,3908-BLSYF
1911,0.4762297904882242,0.5237702095117758,1,2786-GCDPI
5185,0.40267997845706427,0.5973200215429357,1,7295-JOMMD
6764,0.28460427524445364,0.7153957247555464,1,9603-OAIHC
1957,0.8882675821535668,0.11173241784643322,0,2834-JKOOW
6210,0.28575688070306915,0.7142431192969309,1,8780-IXSTS
3159,0.9598783265325865,0.04012167346741345,0,4530-NDRKU
1263,0.36583234381859864,0.6341676561814014,1,1866-RZZQS
2169,0.21070828307115208,0.7892917169288479,1,3097-NQYSN
373,0.9853635536192994,0.014636446380700562,0,0556-FJEGU
5247,0.7176614460167201,0.28233855398327995,0,7396-VJUZB
874,0.9787038762313657,0.021296123768634323,0,1265-ZFOSD
6035,0.9252611228334527,0.07473887716654729,0,8548-AWOFC
6118,0.759910072050969,0.24008992794903092,0,8663-UPDGF
642,0.44444082907013327,0.5555591709298667,1,0940-OUQEC
3311,0.9524955861659461,0.04750441383405391,0,4716-MRVEN
5665,0.8450262319280755,0.15497376807192453,0,7989-AWGEH
6847,0.34131719380757064,0.6586828061924294,1,9728-FTTVZ
1110,0.9500109556422565,0.049989044357743595,0,1623-NLDOT
6941,0.9371588919221902,0.0628411080778098,0,9845-PEEKO
5994,0.7151446614068915,0.2848553385931085,0,8455-HIRAQ
4191,0.308793595759952,0.691206404240048,1,5919-TMRGD
3781,0.9690193346594768,0.03098066534052327,0,5318-YKDPV
3120,0.9877650974841433,0.012234902515856648,0,4475-NVTLU
764,0.40081985502417705,0.599180144975823,1,1112-CUNAO
2287,0.9610232705360093,0.038976729463990625,0,3266-FTKHB
2951,0.609059324688582,0.390940675311418,0,4208-UFFGW
1199,0.41440328755028355,0.5855967124497164,1,1766-GKNMI
118,0.8310452444982825,0.16895475550171749,0,0206-TBWLC
755,0.711528281483403,0.2884717185165971,0,1098-TDVUQ
2464,0.5587207659196702,0.4412792340803298,0,3524-WQDSG
4863,0.9957892194134811,0.00421078058651892,0,6855-VLGOS
5399,0.9261429280051388,0.07385707199486127,0,7609-NRNCA
4746,0.7641306282365745,0.23586937176342543,0,6686-YPGHK
940,0.7494852835629877,0.25051471643701234,0,1360-JYXKQ
4396,0.39455655025238157,0.6054434497476184,1,6198-ZFIOJ
4329,0.272950452096834,0.727049547903166,1,6108-OQZDQ
3149,0.3986358966267879,0.6013641033732121,1,4521-YEEHE
6336,0.22989661251098137,0.7701033874890186,1,8972-HJWNV
2886,0.9439462432356553,0.056053756764344605,0,4115-BNPJY
2823,0.7575018699723064,0.2424981300276936,0,4013-GUXND
1547,0.6470497995696096,0.3529502004303904,0,2257-BOVXD
6964,0.7895739333384999,0.2104260666615001,0,9881-VCZEP
326,0.9949774824786422,0.005022517521357904,0,0485-ZBSLN
3347,0.3875015943836364,0.6124984056163636,1,4770-UEZOX
2246,0.9043935880481473,0.09560641195185267,0,3209-ZPKFI
5102,0.9509525609179419,0.049047439082058074,0,7168-HDQHG
4473,0.9399631500858276,0.06003684991417239,0,6308-CQRBU
6273,0.5341380109791088,0.46586198902089115,0,8878-HMWBV
48,0.5552500081220586,0.4447499918779414,0,0082-LDZUE
6461,0.8444635158540548,0.15553648414594526,0,9142-KZXOP
5614,0.6218615613902034,0.3781384386097965,0,7905-TVXTA
687,0.3366316474144887,0.6633683525855113,1,1016-DJTSV
1260,0.9733855408594987,0.026614459140501263,0,1866-DIOQZ
159,0.2220111714909716,0.7779888285090284,1,0259-GBZSH
4236,0.612387970011489,0.38761202998851096,0,5977-CKHON
1557,0.8278334090740701,0.1721665909259299,0,2270-CHBFN
6962,0.2845540142517129,0.7154459857482871,1,9878-TNQGW
651,0.763252500560312,0.23674749943968795,0,0953-LGOVU
4972,0.8808276030555533,0.11917239694444665,0,6994-FGRHH
2559,0.6406278440925377,0.3593721559074623,0,3658-KIBGF
1839,0.7278612556938122,0.2721387443061878,0,2674-MLXMN
124,0.910198168370686,0.08980183162931395,0,0218-QNVAS
6611,0.9761385270586953,0.02386147294130474,0,9392-XBGTD
6791,0.5114822080884152,0.48851779191158484,0,9638-JIQYA
610,0.9046695147234662,0.0953304852765338,0,0895-LNKRC
6,0.9507155381349649,0.04928446186503514,0,0013-SMEOE
1079,0.31407247949372197,0.685927520506278,1,1571-SAVHK
5108,0.3137041261693696,0.6862958738306304,1,7180-PISOG
6583,0.704357039760485,0.295642960239515,0,9360-AHGNL
791,0.9533403175259925,0.046659682474007515,0,1154-HYWWO
6032,0.6499013539139689,0.3500986460860311,0,8544-GOQSH
3590,0.9127304491170541,0.08726955088294581,0,5089-IFSDP
4926,0.997402171433792,0.002597828566208095,0,6928-ONTRW
6284,0.6229441113056745,0.3770558886943255,0,8887-IPQNC
648,0.3489149898946594,0.6510850101053406,1,0947-IDHRQ
5357,0.9083571384133947,0.09164286158660533,0,7566-DSRLQ
5113,0.8195885062729704,0.18041149372702964,0,7188-CBBBA
6054,0.2349731489914364,0.7650268510085636,1,8580-AECUZ
397,0.6898224358092688,0.3101775641907312,0,0585-EGDDA
3760,0.9934316160640281,0.006568383935971943,0,5296-PSYVW
84,0.3957131223994754,0.6042868776005246,1,0135-NMXAP
4766,0.6127380660103217,0.3872619339896783,0,6710-HSJRD
1175,0.8871246379082801,0.11287536209171987,0,1729-VLAZJ
5546,0.8494721068405764,0.1505278931594236,0,7812-FZHPE
4155,0.8572567777065979,0.14274322229340208,0,5876-HZVZM
3618,0.7846521717839375,0.2153478282160625,0,5131-PONJI
4061,0.9294980592192494,0.07050194078075052,0,5726-CVNYA
4148,0.8283577047381424,0.17164229526185756,0,5863-OOKCL
2071,0.2602590422568747,0.7397409577431253,1,2982-IHMFT
400,0.8273344549262096,0.1726655450737904,0,0595-ITUDF
2782,0.3003126550896352,0.6996873449103648,1,3957-LXOLK
5450,0.2421944208768343,0.7578055791231657,1,7668-XCFYV
5376,0.6763563279197602,0.3236436720802398,0,7593-JNWRU
963,0.6636365901337516,0.33636340986624835,0,1396-QWFBJ
2186,0.7194062077702246,0.2805937922297754,0,3132-TVFDZ
1240,0.98180162712759,0.01819837287240999,0,1839-FBNFR
6142,0.5149407228521846,0.4850592771478154,0,8705-WZCYL
4944,0.9773544066764287,0.022645593323571304,0,6963-EZQEE
1281,0.9554106352262864,0.04458936477371359,0,1904-WAJAA
2618,0.7609103574623799,0.23908964253762005,0,3727-JEZTU
813,0.9803906791724878,0.01960932082751226,0,1187-WILMM
849,0.8424892383940616,0.15751076160593835,0,1229-RCALF
878,0.9805280168660439,0.019471983133956174,0,1270-XKUCC
6510,0.9453516097552565,0.05464839024474352,0,9236-NDUCW
3114,0.6345652719257159,0.3654347280742841,0,4465-VDKIQ
5683,0.3718945004714779,0.6281054995285221,1,8008-HAWED
5281,0.19550279609366727,0.8044972039063327,1,7450-NWRTR
4788,0.9782137800981547,0.02178621990184521,0,6732-VAILE
3962,0.94072959782149,0.05927040217851004,0,5575-GNVDE
6864,0.5715973154487665,0.42840268455123354,0,9752-ZNQUT
2415,0.9926225178947709,0.007377482105229104,0,3454-JFUBC
4545,0.34385856766866385,0.6561414323313361,1,6407-UTSLV
4729,0.5930750177535931,0.4069249822464069,0,6656-JWRQX
3525,0.9811434805300928,0.018856519469907195,0,4999-IEZLT
619,0.9428039034675746,0.057196096532425356,0,0907-HQNTS
5375,0.4510428117066412,0.5489571882933588,1,7590-VHVEG
718,0.9126680837779744,0.08733191622202559,0,1060-ENTOF
2416,0.9952767184255336,0.004723281574466392,0,3457-PQBYH
3986,0.8775444905042636,0.12245550949573634,0,5619-XZZKR
3946,0.8421451220127243,0.1578548779872757,0,5555-RNPGT
530,0.993032329894688,0.006967670105311991,0,0780-XNZFN
2356,0.5676011770237881,0.4323988229762119,0,3374-LXDEV
3620,0.681827214262262,0.318172785737738,0,5133-VRSAB
6604,0.9054796456138516,0.09452035438614831,0,9388-ZEYVT
6981,0.7934015110316041,0.20659848896839592,0,9909-DFRJA
6053,0.9781612719475178,0.021838728052482218,0,8577-QSOCG
1447,0.9772317274715888,0.022768272528411213,0,2137-DQMEV
2981,0.8732848264187594,0.12671517358124068,0,4274-DRSQT
1899,0.7983320619654454,0.2016679380345546,0,2758-RNWXS
4023,0.6525222986101535,0.3474777013898465,0,5671-UUNXD
148,0.7948840991381789,0.20511590086182108,0,0247-SLUJI
6987,0.9744615142951117,0.025538485704888224,0,9919-FZDED
4129,0.968167362157061,0.03183263784293899,0,5840-NVDCG
3148,0.9841923517478367,0.015807648252163308,0,4521-WFJAI
6950,0.9252211993992093,0.0747788006007907,0,9860-LISIZ
5495,0.5354507818933599,0.46454921810664007,0,7734-DBOAI
35,0.970314427713574,0.02968557228642595,0,0057-QBUQH
4467,0.47621683717704466,0.5237831628229553,1,6298-QDFNH
1193,0.9725169570512783,0.027483042948721708,0,1757-TCATG
4851,0.9071433451037502,0.09285665489624984,0,6838-YAUVY
1627,0.6745269320237686,0.3254730679762314,0,2369-FEVNO
801,0.7022899097096151,0.29771009029038487,0,1169-WCVAK
6038,0.9062805742516875,0.09371942574831253,0,8559-CIZFV
6405,0.986802568894315,0.013197431105685064,0,9068-VPWQQ
4638,0.33583491442024005,0.66416508557976,1,6543-XRMYR
6158,0.9888736968515992,0.011126303148400851,0,8722-PRFDV
4421,0.6391878114501524,0.36081218854984765,0,6233-HXJMX
6811,0.9892734474821514,0.010726552517848643,0,9668-PUGNU
5031,0.2821235013343977,0.7178764986656023,1,7074-IEVOJ
2446,0.9536470756196991,0.0463529243803009,0,3506-OVLKD
2806,0.37966072914547544,0.6203392708545246,1,3992-YWPKO
2182,0.8766898449011209,0.12331015509887906,0,3128-YOVTD
5241,0.5300807067623989,0.4699192932376011,0,7389-KBFIT
3222,0.8772414150848712,0.1227585849151288,0,4622-YNKIJ
2659,0.9448806114358625,0.055119388564137506,0,3778-FOAQW
2196,0.9183473231700487,0.08165267682995124,0,3146-JTQHR
2770,0.6534384909782106,0.3465615090217894,0,3945-GFWQL
2803,0.5797851132177697,0.4202148867822303,0,3987-KQDDU
4429,0.4674204004060436,0.5325795995939564,1,6243-OZGFH
5552,0.2771774494110665,0.7228225505889335,1,7817-BOQPW
5950,0.7026649622646137,0.29733503773538633,0,8388-FYNPZ
3297,0.9665030563958583,0.03349694360414169,0,4703-MQYKT
2299,0.9828187629088223,0.0171812370911777,0,3284-SVCRO
6251,0.8665100346343573,0.13348996536564273,0,8847-GEOOQ
6750,0.9732535070364243,0.026746492963575664,0,9581-GVBXT
5930,0.8939850903660546,0.10601490963394548,0,8350-NYMVI
4507,0.44175859104238446,0.5582414089576155,1,6352-TWCAU
5711,0.7640449408105314,0.2359550591894686,0,8044-BGWPI
4125,0.2700365503797504,0.7299634496202496,1,5834-ASPWA
4162,0.4781122317410551,0.5218877682589449,1,5884-GCYMI
5616,0.6537337410563979,0.3462662589436021,0,7909-FIOIY
5021,0.9545984611892274,0.04540153881077255,0,7055-JCGNI
1131,0.7280930762619076,0.27190692373809244,0,1658-XUHBX
3968,0.3607948611530194,0.6392051388469806,1,5590-BYNII
4624,0.9881317288575673,0.01186827114243276,0,6518-PPLMZ
6924,0.5178196495776344,0.48218035042236557,0,9824-BEMCV
1224,0.9775522585435492,0.02244774145645078,0,1813-JYWTO
3038,0.8084514062276396,0.1915485937723605,0,4350-ZTLPI
6693,0.3539707844450132,0.6460292155549868,1,9507-EXLTT
4083,0.8326937907941581,0.167306209205842,0,5766-XQXMQ
62,0.9196196215469001,0.08038037845309981,0,0106-UGRDO
2979,0.5257998990582031,0.4742001009417968,0,4257-GAESD
4743,0.2435711682181022,0.7564288317818978,1,6683-VLCTZ
663,0.23158362496451668,0.7684163750354833,1,0970-ETWGE
6128,0.6807033201326096,0.3192966798673904,0,8679-JOEVF
3445,0.6969268743229371,0.30307312567706285,0,4883-QICIH
5093,0.9273191335663543,0.07268086643364564,0,7156-MXBJE
5126,0.1520640359047417,0.8479359640952583,1,7216-EWTRS
2351,0.37561722795584906,0.6243827720441509,1,3370-HXOPH
6328,0.7576867762716384,0.24231322372836162,0,8963-JLGJT
1102,0.38791463728236664,0.6120853627176334,1,1602-IJQQE
2667,0.5451873240365139,0.45481267596348607,0,3791-LGQCY
2977,0.7123486544634461,0.28765134553655386,0,4255-DDUOU
2435,0.9902482143905905,0.00975178560940947,0,3487-EARAT
2012,0.6653007393779208,0.3346992606220792,0,2903-YYTBW
4034,0.7925345096624434,0.20746549033755662,0,5688-KZTSN
2989,0.3298932680970337,0.6701067319029663,1,4282-YMKNA
6315,0.8317395492485511,0.16826045075144885,0,8942-DBMHZ
5755,0.9754739089709954,0.0245260910290046,0,8097-OMULG
4048,0.7063903409081096,0.2936096590918904,0,5701-ZIKJE
2195,0.8112911736873518,0.1887088263126482,0,3144-KMTWZ
3376,0.9047710792918878,0.09522892070811222,0,4808-YNLEU
1521,0.5992767740597982,0.40072322594020177,0,2232-DMLXU
1303,0.7606799717428376,0.2393200282571623,0,1934-SJVJK
5822,0.9802418044734739,0.019758195526526166,0,8197-BFWVU
3612,0.9808707569030393,0.01912924309696075,0,5126-RCXYW
4256,0.6712902677920363,0.3287097322079637,0,5996-DAOQL
23,0.7781503679063733,0.22184963209362674,0,0030-FNXPP
3143,0.8845510974542553,0.1154489025457447,0,4510-PYUSH
4479,0.9726935296836157,0.02730647031638436,0,6322-HRPFA
1392,0.3584844675850182,0.6415155324149818,1,2057-ZBLPD
5916,0.8107419570980687,0.1892580429019313,0,8329-GWVPJ
2703,0.6522575103850041,0.3477424896149958,0,3845-FXCYS
6681,0.15421477052746613,0.8457852294725339,1,9497-QCMMS
732,0.9921833054405761,0.007816694559423892,0,1080-BWSYE
3920,0.2434807695053679,0.7565192304946321,1,5519-NPHVG
3574,0.9536664013197094,0.046333598680290584,0,5063-IUOKK
5991,0.9740179477783948,0.025982052221605212,0,8450-LUGUK
5403,0.2867559942977973,0.7132440057022027,1,7613-LLQFO
2203,0.1834074034138251,0.8165925965861749,1,3158-MOERK
670,0.751250263100395,0.24874973689960497,0,0979-PHULV
4028,0.9865250141907691,0.013474985809230927,0,5680-LQOGP
6080,0.7312352795792925,0.2687647204207076,0,8620-RJPZN
3066,0.7574589243329536,0.24254107566704644,0,4390-KYULV
1103,0.4796002160289704,0.5203997839710296,1,1608-GMEWB
2537,0.8308893276219262,0.16911067237807373,0,3635-JBPSG
3937,0.980382657121197,0.019617342878803005,0,5542-NKVRU
5010,0.9418946140564847,0.058105385943515324,0,7037-MTYVW
7040,0.6038403803726402,0.39615961962735985,0,9992-UJOEL
2080,0.9795348016787299,0.020465198321270126,0,2987-BJXIK
349,0.8084622747666939,0.1915377252333062,0,0516-QREYC
5466,0.38213425855737926,0.6178657414426207,1,7693-LCKZL
4603,0.5308978969275325,0.46910210307246747,0,6486-LHTMA
2389,0.7660034577119239,0.23399654228807606,0,3419-SNJJD
2788,0.990566811922415,0.009433188077585024,0,3967-VQOGC
3802,0.28529952458705454,0.7147004754129455,1,5348-CAGXB
4702,0.6605023575153127,0.3394976424846873,0,6625-UTXEW
1828,0.8698042434340022,0.13019575656599783,0,2667-WYLWJ
6916,0.6409313420860128,0.35906865791398723,0,9819-FBNSV
354,0.47109431954439884,0.5289056804556012,1,0519-XUZJU
6918,0.8167064021786451,0.18329359782135488,0,9821-BESNZ
3516,0.6845906039337186,0.3154093960662813,0,4986-MXSFP
107,0.964622925918338,0.035377074081662,0,0191-EQUUH
3260,0.5681258805183419,0.4318741194816581,0,4660-IRIBM
5753,0.7268148628369598,0.27318513716304016,0,8095-WANWK
6687,0.7938498634011534,0.20615013659884665,0,9501-UKKNL
6820,0.7371640501303739,0.2628359498696261,0,9688-YGXVR
1104,0.6207508343385522,0.37924916566144784,0,1612-EOHDH
4065,0.8770172273551726,0.12298277264482739,0,5730-RIITO
120,0.8783868435931684,0.1216131564068316,0,0208-BPQEJ
857,0.9903588563848047,0.009641143615195278,0,1241-FPMOF
1333,0.830343560091898,0.16965643990810203,0,1984-FCOWB
5011,0.7552841049143442,0.24471589508565586,0,7041-TXQJH
3425,0.947070338558694,0.052929661441305925,0,4853-RULSV
5160,0.9850094164995397,0.014990583500460349,0,7253-UVNDW
2470,0.5003560737666721,0.4996439262333279,0,3536-IQCTX
7008,0.7474629111169766,0.2525370888830234,0,9943-VSZUV
6417,0.6958926598705126,0.3041073401294873,0,9089-UOWJG
1680,0.6387913940259037,0.3612086059740963,0,2452-KDRRH
5385,0.44489996157044975,0.5551000384295502,1,7598-UAASY
3617,0.9844791257247739,0.015520874275226098,0,5130-YPIRV
5977,0.4199294637529828,0.5800705362470172,1,8429-XIBUM
4050,0.7935810447873818,0.20641895521261824,0,5702-SKUOB
2601,0.3401319271427675,0.6598680728572325,1,3716-BDVDB
6119,0.5891313885648894,0.41086861143511055,0,8665-UTDHZ
5566,0.9451329322262562,0.05486706777374387,0,7841-FCRQD
3459,0.7997228704285588,0.20027712957144123,0,4903-UYAVB
3614,0.973079264274955,0.026920735725045,0,5129-HHMZC
4577,0.537180509901676,0.46281949009832396,0,6458-CYIDZ
6408,0.9846629839642151,0.015337016035784854,0,9073-ZZIAY
2378,0.739224565636472,0.260775434363528,0,3404-JNXAX
4338,0.6809349267617735,0.31906507323822647,0,6121-VZNQB
2569,0.4309333554316098,0.5690666445683902,1,3672-YITQD
4613,0.8206596981688844,0.1793403018311156,0,6505-OZNPG
178,0.9000603566862478,0.09993964331375212,0,0289-IVARM
96,0.9610672568937865,0.038932743106213544,0,0164-XAIRP
5179,0.4499547039938725,0.5500452960061275,1,7284-BUYEC
1726,0.9742614191587771,0.025738580841222984,0,2516-XSJKX
5781,0.8507368967014602,0.14926310329853973,0,8138-EALND
4461,0.6555763723450012,0.3444236276549988,0,6288-LBEAR
2709,0.43696196619107197,0.563038033808928,1,3858-VOBET
5908,0.9835887955481614,0.016411204451838628,0,8316-BBQAY
5706,0.46876329992930377,0.5312367000706962,1,8040-MNRTF
6163,0.8165474961594346,0.18345250384056547,0,8731-WBBMB
2532,0.4980930798445339,0.5019069201554661,1,3627-FCRDW
5083,0.9925250000005915,0.007474999999408454,0,7139-JZFVG
5802,0.5755208164649401,0.4244791835350599,0,8167-GJLRN
5603,0.3262681261300715,0.6737318738699285,1,7890-VYYWG
6603,0.9213748545848567,0.07862514541514334,0,9386-LDCZR
3494,0.6748598593551156,0.32514014064488433,0,4950-BDEUX
2744,0.9858416342398965,0.014158365760103564,0,3902-MIVLE
783,0.9726911336686296,0.02730886633137039,0,1139-WUOAH
4246,0.9761033101902838,0.023896689809716112,0,5986-WWXDV
3379,0.43241773261296645,0.5675822673870335,1,4815-GBTCD
2480,0.9312126659486781,0.06878733405132191,0,3549-ZTMNH
3446,0.9788329869598693,0.021167013040130685,0,4884-LEVMQ
3852,0.3260367801807027,0.6739632198192973,1,5419-CONWX
6076,0.9283661555814159,0.07163384441858413,0,8612-GXIDD
3079,0.4194045804443768,0.5805954195556232,1,4412-YLTKF
375,0.9649853887247921,0.03501461127520783,0,0559-CKHUS
1348,0.27458050843909765,0.7254194915609024,1,2004-OCQXK
4052,0.981753674577293,0.01824632542270694,0,5707-ZMDJP
4903,0.9347635822484796,0.0652364177515204,0,6904-JLBGY
2574,0.9963572135923785,0.0036427864076215475,0,3678-MNGZX
6935,0.9947456564829247,0.005254343517075353,0,9838-BFCQT
1312,0.9845090828107234,0.015490917189276608,0,1951-IEYXM
608,0.5761340186737619,0.4238659813262381,0,0895-DQHEW
2402,0.5388684227210585,0.46113157727894144,0,3439-GVUSX
4435,0.9928982531046945,0.0071017468953055675,0,6253-GNHWH
1610,0.8025351063395436,0.19746489366045641,0,2346-DJQTB
4229,0.9864259885192933,0.013574011480706735,0,5968-HYJRZ
2549,0.7824748892851638,0.2175251107148361,0,3645-DEYGF
928,0.5460480705325403,0.4539519294674597,0,1346-UFHAX
2442,0.9901000094504235,0.009899990549576437,0,3500-NSDOA
2624,0.8917213171376185,0.10827868286238147,0,3733-UOCWF
3007,0.9609944107962517,0.03900558920374835,0,4304-TSPVK
78,0.8223019575119012,0.1776980424880988,0,0128-MKWSG
1621,0.9545158433941737,0.04548415660582632,0,2361-FJWNO
2664,0.7631051639165085,0.23689483608349146,0,3785-NRHYR
4555,0.8757417413594153,0.12425825864058475,0,6419-ZTTLE
1953,0.5348858221153711,0.46511417788462894,0,2831-EBWRN
3096,0.6779152142711835,0.32208478572881655,0,4439-YRNVD
788,0.9329581800845493,0.06704181991545065,0,1150-FTQGN
384,0.9856200735908665,0.014379926409133511,0,0567-XRHCU
6114,0.9353028166064221,0.06469718339357786,0,8659-HDIYE
1070,0.9415382459325803,0.05846175406741974,0,1561-BWHIN
1128,0.9933124354753669,0.006687564524633122,0,1657-DYMBM
2372,0.9811663744164698,0.01883362558353022,0,3398-GCPMU
4859,0.7942112236960054,0.20578877630399464,0,6849-OYAMU
4176,0.6768704741087688,0.3231295258912313,0,5906-BFOZT
853,0.8084421021363206,0.19155789786367936,0,1237-WIYYZ
3063,0.3258432403702396,0.6741567596297604,1,4385-GZQXV
1775,0.7611534799644346,0.23884652003556542,0,2592-YKDIF
2067,0.5510666001788456,0.4489333998211545,0,2974-GGUXS
1480,0.9536607308440397,0.04633926915596035,0,2188-SXWVT
5666,0.6762854149352441,0.3237145850647559,0,7989-CHGTL
2083,0.9382365554925901,0.06176344450740992,0,2988-QRAJY
6615,0.4265199424413798,0.5734800575586202,1,9399-APLBT
6789,0.9557352247092114,0.04426477529078869,0,9637-CDTKZ
5020,0.6305603662231691,0.3694396337768309,0,7055-HNEOJ
1634,0.6821054154894968,0.3178945845105033,0,2378-HTWFW
95,0.9245528075676345,0.07544719243236553,0,0164-APGRB
3909,0.9442175590177119,0.055782440982288135,0,5499-ECUTN
6773,0.8287397371731078,0.17126026282689222,0,9618-LFJRU
2909,0.9001839698094413,0.09981603019055875,0,4139-SUGLD
2140,0.9772209449265217,0.02277905507347833,0,3070-FNFZQ
1907,0.38309723151498365,0.6169027684850164,1,2777-PHDEI
1962,0.7003240099542577,0.2996759900457423,0,2842-BCQGE
4902,0.959826503502535,0.040173496497465065,0,6901-GOGZG
2076,0.996560496649265,0.003439503350734942,0,2984-RGEYA
1738,0.9145302409390195,0.08546975906098055,0,2530-ENDWQ
6123,0.8747300449679987,0.1252699550320013,0,8671-KKKOS
5786,0.9818203080307115,0.018179691969288446,0,8148-NLEGT
1276,0.973457970221686,0.026542029778314043,0,1897-OKVMW
3384,0.8605932517901217,0.13940674820987833,0,4816-OKWNX
2927,0.8091356382300905,0.19086436176990956,0,4182-BGSIQ
4526,0.4062317449627414,0.5937682550372586,1,6376-GAHQE
5874,0.5355271844646221,0.46447281553537795,0,8260-NGFNY
5856,0.5775792352612353,0.42242076473876466,0,8229-TNIQA
1529,0.9959332622888092,0.004066737711190787,0,2236-HILPA
150,0.9646258066265786,0.03537419337342141,0,0248-PGHBZ
544,0.6294812385022361,0.37051876149776386,0,0804-XBFBV
241,0.7993680080642589,0.20063199193574105,0,0369-ZGOVK
5609,0.5292116052871665,0.4707883947128335,0,7901-HXJVA
1528,0.6496698436368504,0.35033015636314957,0,2235-ZGKPT
2751,0.991790156601905,0.008209843398095067,0,3913-RDSJZ
6794,0.5009751365318329,0.4990248634681671,0,9643-AVVWI
5788,0.6888325652128475,0.31116743478715253,0,8149-AIQCG
6308,0.9879815878330774,0.01201841216692257,0,8922-NPKBJ
3193,0.9143894425533557,0.08561055744664428,0,4576-CSAJH
770,0.8489957723634043,0.15100422763659577,0,1121-QSIVB
2597,0.9851928367066303,0.014807163293369717,0,3712-PKXZA
3302,0.9483398173202713,0.051660182679728675,0,4707-YNOQA
3047,0.991391596350345,0.008608403649654973,0,4361-FEBGN
201,0.28106622953556415,0.7189337704644359,1,0318-QUUOB
4659,0.7337452120827029,0.26625478791729706,0,6576-FBXOJ
1701,0.6826589343602041,0.31734106563979586,0,2479-BRAMR
2640,0.8024876940896986,0.19751230591030142,0,3752-CQSJI
4498,0.9953686659664449,0.00463133403355509,0,6345-FZOQH
5168,0.4083429634770762,0.5916570365229238,1,7270-BDIOA
6064,0.23696860803066233,0.7630313919693377,1,8593-WHYHV
3820,0.8913823957655614,0.10861760423443852,0,5372-FBKBN
2835,0.4561348590709903,0.5438651409290097,1,4030-VPZBD
4815,0.33106299169581643,0.6689370083041836,1,6772-KSATR
41,0.8931171689366417,0.10688283106335832,0,0068-FIGTF
4311,0.9860687437627255,0.013931256237274484,0,6080-LNESI
1161,0.9914556404964305,0.008544359503569457,0,1705-GUHPV
2959,0.9721639751150071,0.027836024884992934,0,4227-OJHAL
567,0.8980944233779531,0.10190557662204686,0,0835-JKADZ
2663,0.9871955954781285,0.012804404521871492,0,3785-KTYSH
6437,0.911664907596675,0.088335092403325,0,9114-AAFQH
5395,0.8961048229897276,0.10389517701027241,0,7605-SNLQG
2132,0.7431817897356142,0.2568182102643858,0,3062-ICYZQ
5276,0.9218255963809987,0.0781744036190013,0,7445-WMRBW
6711,0.9677142007095623,0.03228579929043771,0,9530-GRMJG
823,0.5976609159645638,0.4023390840354361,0,1205-WNWPJ
5970,0.36067986142140573,0.6393201385785943,1,8413-VONUO
4563,0.94564343584437,0.05435656415562998,0,6434-TTGJP
4782,0.8776874433281158,0.12231255667188422,0,6728-DKUCO
1725,0.26123564435401114,0.7387643556459889,1,2516-VQRRV
5198,0.3776874072232158,0.6223125927767842,1,7315-WYOAW
5307,0.7247939114536517,0.27520608854634826,0,7501-VTYLJ
1893,0.9473892216716098,0.052610778328390215,0,2749-CTKAJ
3733,0.9825717147149107,0.017428285285089298,0,5248-YGIJN
1473,0.5461654625235166,0.45383453747648334,0,2178-PMGCJ
6557,0.3408318846699706,0.6591681153300294,1,9314-IJWSQ
3033,0.7827934958766661,0.21720650412333384,0,4338-EYCER
5057,0.8025540171095379,0.1974459828904621,0,7109-MFBYV
2320,0.23101300422530924,0.7689869957746908,1,3318-NMQXL
103,0.8868625674585544,0.11313743254144565,0,0186-CAERR
3430,0.6261202541747599,0.3738797458252401,0,4860-IJUDE
2309,0.9567113941086762,0.04328860589132379,0,3308-JSGML
6710,0.6397720530418578,0.36022794695814214,0,9530-EHPOH
4472,0.8961190373331003,0.10388096266689974,0,6305-YLBMM
2262,0.7489496728725964,0.25105032712740355,0,3230-WYKIR
7011,0.9652093413211925,0.03479065867880747,0,9945-PSVIP
5486,0.8827179128086082,0.11728208719139177,0,7721-JXEAW
2621,0.26931370053474923,0.7306862994652508,1,3727-RJMEO
1520,0.9907478733016277,0.009252126698372226,0,2230-XTUWL
3587,0.8618274441071856,0.13817255589281444,0,5084-OOVCJ
5885,0.3951647723872225,0.6048352276127775,1,8270-RKSAP
6057,0.5420148158388897,0.45798518416111034,0,8584-KMVXD
4130,0.4356557712410609,0.5643442287589391,1,5842-POCOP
1929,0.9786675866979548,0.021332413302045123,0,2805-AUFQN
5196,0.6942274421619538,0.30577255783804624,0,7312-XSBAT
3514,0.3870871583445782,0.6129128416554218,1,4983-CCWMC
545,0.9599527989931723,0.04004720100682763,0,0804-YGEQV
1164,0.990191185575156,0.009808814424844065,0,1709-EJDOX
1568,0.5748411657162789,0.4251588342837211,0,2277-DJJDL
6656,0.6128612848210667,0.3871387151789333,0,9470-XCCEM
2257,0.951576717259636,0.04842328274036401,0,3224-DFQNQ
5321,0.40775128414891626,0.5922487158510837,1,7517-LDMPS
6120,0.9664473353008084,0.033552664699191596,0,8668-KNZTI
5834,0.9693313337777361,0.030668666222263948,0,8207-DMRVL
4451,0.3136575962202879,0.6863424037797121,1,6275-YDUVO
372,0.7293091300088876,0.27069086999111236,0,0550-DCXLH
3049,0.7721562354364051,0.2278437645635949,0,4365-MSDYN
6953,0.8266564068174664,0.1733435931825336,0,9863-JZAIC
5117,0.9907834696610713,0.009216530338928641,0,7197-VOJMM
734,0.547746732144876,0.452253267855124,0,1084-UQCHV
6535,0.29949292916757697,0.700507070832423,1,9279-CJEOJ
67,0.9241346104134688,0.07586538958653125,0,0112-QWPNC
6423,0.39825079185259427,0.6017492081474057,1,9095-HFAFX
6270,0.9536697517278366,0.0463302482721634,0,8873-TMKGR
1978,0.42663961428519437,0.5733603857148056,1,2862-PFNIK
5673,0.9322383407324499,0.06776165926755003,0,7996-BPXHY
2374,0.9931737742955334,0.006826225704466543,0,3399-BMLVW
6447,0.908747088814296,0.09125291118570403,0,9128-CPXKI
4120,0.7733968642222401,0.22660313577775995,0,5828-DWPIL
5653,0.27302085489137795,0.726979145108622,1,7969-AULMZ
1779,0.4505329057322004,0.5494670942677996,1,2603-HVKCG
620,0.7018371448273846,0.29816285517261537,0,0909-SDHNU
6476,0.7201048206484637,0.2798951793515363,0,9170-CCKOU
2863,0.6755944270410346,0.3244055729589655,0,4080-OGPJL
5413,0.6432146213831067,0.35678537861689336,0,7623-TRNQN
4705,0.7267076474760714,0.27329235252392853,0,6629-LADHQ
3252,0.9853878902073204,0.014612109792679597,0,4652-ODEVH
6952,0.6997327571300493,0.30026724286995066,0,9862-KJTYK
2764,0.490815157465024,0.509184842534976,1,3934-HXCFZ
3083,0.9091876118583214,0.09081238814167855,0,4419-UJMUS
5213,0.872535548408018,0.127464451591982,0,7336-RLLRH
2553,0.969150510350723,0.030849489649277036,0,3649-JPUGY
4678,0.6786225420212324,0.32137745797876766,0,6599-GZWCM
1072,0.6551277023972486,0.34487229760275145,0,1564-HJUVY
6490,0.951412291853896,0.04858770814610398,0,9199-PWQVC
5396,0.9950638834459032,0.004936116554096725,0,7606-BPHHN
3017,0.5555044137696001,0.44449558623039986,0,4317-VTEOA
2131,0.8450752606469932,0.15492473935300674,0,3061-BCKYI
5481,0.7972160712818681,0.20278392871813183,0,7716-YTYHG
2344,0.9548090095509247,0.045190990449075256,0,3352-RICWQ
181,0.6493648876055272,0.35063511239447276,0,0295-QVKPB
1198,0.9964655930392587,0.0035344069607412087,0,1764-VUUMT
4248,0.8492920675841854,0.15070793241581457,0,5989-OMNJE
2270,0.760436518954315,0.23956348104568506,0,3247-MHJKM
7029,0.9010515534870182,0.09894844651298189,0,9972-NKTFD
1617,0.6177907951230985,0.3822092048769015,0,2359-KLTEK
6508,0.2563064243723462,0.7436935756276538,1,9231-ZJYAM
3408,0.8883485075570179,0.11165149244298207,0,4829-ZLJTK
710,0.6912487120384951,0.3087512879615049,0,1047-NNCBF
4583,0.8658092727165021,0.13419072728349793,0,6465-GSRCL
5891,0.704346998016227,0.295653001983773,0,8286-AFUYI
2159,0.9227931184593053,0.07720688154069469,0,3092-IGHWF
369,0.5794460335648319,0.4205539664351681,0,0541-FITGH
1495,0.4898568758669065,0.5101431241330935,1,2203-GHNWN
5642,0.8819123229478877,0.11808767705211232,0,7954-MLBUN
1840,0.5488529960659307,0.45114700393406926,0,2675-DHUTR
5557,0.8567806384630156,0.14321936153698442,0,7824-PANSQ
6225,0.7091877530488324,0.29081224695116753,0,8805-JNRAZ
262,0.32534309070292877,0.6746569092970712,1,0390-DCFDQ
2756,0.6826480843265534,0.3173519156734465,0,3923-CSIHK
6738,0.9684398357348999,0.03156016426510007,0,9570-KYEUA
729,0.22607567838610398,0.773924321613896,1,1075-BGWOH
4604,0.7941431030939929,0.20585689690600703,0,6490-FGZAT
1290,0.861332546598525,0.13866745340147502,0,1921-KYSAY
4787,0.8787141945074236,0.12128580549257639,0,6732-FZUGP
1270,0.8617530568853724,0.13824694311462757,0,1877-HKBQX
6922,0.644074907475929,0.355925092524071,0,9822-WMWVG
600,0.7926112327805412,0.20738876721945873,0,0877-SDMBN
5453,0.9565142483681901,0.04348575163180994,0,7672-VFMXZ
3477,0.8361372453548824,0.16386275464511754,0,4926-UMJZD
3439,0.9604354513506868,0.039564548649313254,0,4877-TSOFF
6609,0.8388129501609641,0.1611870498390359,0,9391-TTOYH
4725,0.33473627838386,0.66526372161614,1,6653-CBBOM
5345,0.6769118456999268,0.32308815430007326,0,7551-DACSP
126,0.4437866017808665,0.5562133982191335,1,0219-YTZUE
635,0.6847107598516473,0.3152892401483527,0,0929-PECLO
6692,0.4281422112936476,0.5718577887063524,1,9506-UXUSK
5243,0.38501638397211735,0.6149836160278827,1,7394-FKDNK
2673,0.4110687750571662,0.5889312249428338,1,3797-FKOGQ
3976,0.7189196754117002,0.28108032458829985,0,5600-PDUJF
4616,0.3228422512850584,0.6771577487149416,1,6507-ZJSUR
3934,0.8520671498516004,0.14793285014839966,0,5539-HIVAK
4858,0.9592467931377944,0.040753206862205675,0,6848-YLDFR
3101,0.6068449099600197,0.39315509003998034,0,4446-BZKHU
304,0.8498343279155898,0.15016567208441028,0,0447-BEMNG
2690,0.9844924745982411,0.015507525401758964,0,3813-DHBBB
5499,0.7019492035693802,0.29805079643061977,0,7742-MYPGI
1563,0.9769997980119519,0.023000201988048037,0,2274-XUATA
4724,0.4712059142050359,0.5287940857949641,1,6652-YFFJO
3531,0.8966056776788812,0.10339432232111874,0,5012-YSPJJ
2037,0.7219730447919159,0.278026955208084,0,2931-SVLTV
4581,0.9835223098016308,0.016477690198369203,0,6463-MVYRY
4564,0.3647910955503507,0.6352089044496493,1,6435-SRWBJ
4905,0.4920503087380108,0.5079496912619892,1,6906-ANDWJ
3226,0.9929080036973584,0.007091996302641532,0,4625-XMOYM
6329,0.8275778454405307,0.1724221545594693,0,8963-MQVYN
1272,0.9142896267447573,0.08571037325524272,0,1891-QRQSA
2156,0.7597408735577487,0.2402591264422514,0,3090-LETTY
950,0.835501546863254,0.16449845313674602,0,1376-HHBDV
5518,0.8865448823000612,0.11345511769993881,0,7771-ZONAT
410,0.9883345422321694,0.011665457767830524,0,0608-JDVEC
2027,0.8586249889277873,0.14137501107221273,0,2925-MXLSX
4524,0.9868702757201814,0.013129724279818613,0,6374-AFWOX
773,0.9049240002721933,0.09507599972780668,0,1125-SNVCK
4806,0.9924306945395707,0.00756930546042929,0,6762-NSODU
2354,0.9792321180380268,0.02076788196197325,0,3373-DIUUN
2877,0.9892793710882376,0.010720628911762356,0,4102-HLENU
2337,0.3827455504132431,0.6172544495867569,1,3346-BRMIS
3006,0.9906908536480711,0.00930914635192896,0,4302-ZYFEL
3698,0.49032328197264563,0.5096767180273544,1,5204-QZXPU
6754,0.5364880609151306,0.46351193908486943,0,9588-OZDMQ
2600,0.8655519585989498,0.13444804140105018,0,3714-XPXBW
4084,0.7643113871477998,0.23568861285220016,0,5766-ZJYBB
436,0.45965707070633155,0.5403429292936685,1,0637-YLETY
786,0.6395695536793031,0.36043044632069693,0,1142-WACZW
1565,0.38423173470560523,0.6157682652943948,1,2276-YDAVZ
3518,0.22698875963095333,0.7730112403690467,1,4988-IQIGL
2866,0.8149626436167146,0.1850373563832854,0,4083-EUGRJ
1930,0.8945515543636989,0.10544844563630103,0,2805-EDJPQ
6618,0.9196089295974844,0.0803910704025156,0,9402-ROUMJ
293,0.6855219995246651,0.314478000475335,0,0431-APWVY
4209,0.9358012289050792,0.0641987710949208,0,5944-UGLLK
3845,0.9035782838192623,0.0964217161807377,0,5397-TUPSH
2483,0.23147646961252288,0.7685235303874771,1,3551-HUAZH
6880,0.6429350485159412,0.3570649514840588,0,9774-NRNAU
6691,0.5876383549428967,0.41236164505710327,0,9505-SQFSW
6914,0.7608516156149492,0.23914838438505087,0,9817-APLHW
1042,0.4171762131881479,0.5828237868118521,1,1513-XNPPH
2625,0.7694599879447124,0.23054001205528762,0,3733-ZEECP
1862,0.4656970881494201,0.5343029118505799,1,2697-NQBPF
2531,0.8248258335216294,0.17517416647837059,0,3623-FQBOX
6910,0.9733412668857194,0.026658733114280554,0,9805-FILKB
5134,0.8928358193656376,0.10716418063436244,0,7228-PAQPD
521,0.9786273591478858,0.021372640852114263,0,0757-WCUUZ
2883,0.9655975868759619,0.0344024131240381,0,4111-BNXIF
4395,0.3848841421451069,0.6151158578548931,1,6198-RTPMF
636,0.9232720046708244,0.07672799532917561,0,0930-EHUZA
5329,0.6934466086363771,0.30655339136362286,0,7526-IVLYU
2412,0.24270655852183465,0.7572934414781654,1,3452-GWUIN
5958,0.9569450560350514,0.04305494396494862,0,8400-WZICQ
2976,0.9783138182192402,0.0216861817807598,0,4254-QPEDE
691,0.9665582848326819,0.03344171516731813,0,1023-BQXZE
3653,0.8878425013302066,0.11215749866979344,0,5161-XEUVX
2974,0.7407532911124561,0.2592467088875438,0,4250-WAROZ
3086,0.43690960063438444,0.5630903993656156,1,4423-YLHDV
6631,0.954722179548441,0.045277820451559044,0,9424-CMPOG
507,0.738721416029213,0.2612785839707869,0,0742-MOABM
5474,0.805306432220027,0.19469356777997301,0,7706-DZNKK
1882,0.9871290332450587,0.012870966754941275,0,2729-VNVAP
5963,0.5083806074380744,0.49161939256192555,0,8404-GFGCZ
3032,0.9739709251186883,0.026029074881311638,0,4335-UPJSI
3051,0.42947494283471066,0.5705250571652893,1,4367-NHWMM
6092,0.476323912351005,0.523676087648995,1,8630-FJLIB
6211,0.884304062315229,0.11569593768477109,0,8780-RSYYU
4899,0.3312522742207382,0.6687477257792618,1,6899-PPEEA
528,0.9897591507405892,0.010240849259410871,0,0774-RMNUW
1323,0.48812479443527956,0.5118752055647204,1,1965-DDBWU
2249,0.9912749245217313,0.008725075478268694,0,3212-KXOCR
277,0.8488165276127333,0.1511834723872667,0,0409-WTMPL
589,0.5940216494220715,0.4059783505779285,0,0867-MKZVY
5549,0.7152751542453384,0.28472484575466167,0,7814-LEEVE
5602,0.7973609104617458,0.20263908953825413,0,7883-ROJOC
3398,0.9837205902720487,0.016279409727951253,0,4825-FUREZ
3787,0.7603779120134959,0.2396220879865041,0,5325-UWTWJ
2534,0.7120349179636731,0.28796508203632687,0,3629-WEAAM
2336,0.7019128437570095,0.29808715624299054,0,3345-PBBFH
2111,0.3222304057647627,0.6777695942352373,1,3030-YDNRM
1876,0.5527189214164678,0.44728107858353217,0,2722-JMONI
3282,0.6027467345112312,0.39725326548876877,0,4690-LLKUA
3018,0.8571621758579169,0.14283782414208313,0,4318-RAJVY
3819,0.713233411509629,0.2867665884903709,0,5371-VYLSX
5331,0.6307302922500977,0.36926970774990237,0,7529-ZDFXI
450,0.9246254543337867,0.07537454566621327,0,0661-WCQNQ
5050,0.7929121067882365,0.20708789321176344,0,7103-IPXPJ
2544,0.42490913469800407,0.5750908653019959,1,3640-PHQXK
6427,0.7713391254065107,0.22866087459348924,0,9101-NTIXF
1698,0.7465525235984762,0.25344747640152376,0,2475-MROZF
5972,0.20437363726517843,0.7956263627348216,1,8414-MYSHR
4317,0.9931478397160425,0.006852160283957523,0,6087-YPWHO
1713,0.8413547440786192,0.15864525592138076,0,2495-TTHBQ
6343,0.5534383049006352,0.44656169509936483,0,8982-NHAVY
2295,0.9078812035919714,0.09211879640802857,0,3280-MRDOF
1506,0.5719395207257273,0.4280604792742727,0,2209-XADXF
2493,0.586752387445725,0.413247612554275,0,3569-EDBPQ
5437,0.9052758148387408,0.09472418516125919,0,7654-YWJUF
1745,0.8126348709489652,0.18736512905103478,0,2542-HYGIQ
4320,0.980844680889544,0.019155319110456034,0,6094-ZIVKX
2449,0.9844345701987428,0.015565429801257146,0,3508-VLHCZ
1435,0.6632001079306753,0.33679989206932476,0,2115-BFTIW
1293,0.2570814150962075,0.7429185849037925,1,1925-TIBLE
5202,0.9473499703922037,0.05265002960779632,0,7319-ZNRTR
133,0.4712472153599364,0.5287527846400636,1,0224-RLWWD
3203,0.6780234551049259,0.3219765448950741,0,4588-YBNIB
1512,0.9496147144180738,0.05038528558192619,0,2223-GDSHL
4911,0.42767905226307823,0.5723209477369218,1,6910-HADCM
626,0.48380645333548133,0.5161935466645187,1,0921-OHLVP
6238,0.9700389138017949,0.02996108619820511,0,8819-WFGGJ
2173,0.37768296132141865,0.6223170386785813,1,3106-ULWFW
6364,0.9668912346246576,0.033108765375342394,0,9018-PCIOK
4406,0.9613686919919322,0.03863130800806781,0,6211-WWLTF
1850,0.7336523159865973,0.2663476840134027,0,2684-EIWEO
5992,0.5820819009893057,0.4179180990106943,0,8450-UYIBU
4826,0.7844720761699322,0.21552792383006786,0,6791-YBNAK
2276,0.3274729242044171,0.6725270757955829,1,3254-YRILK
3290,0.9907109708318085,0.009289029168191548,0,4698-KVLLG
5398,0.9882519393074,0.01174806069259999,0,7608-RGIRO
6034,0.7058298764613637,0.29417012353863625,0,8547-NSBBO
5144,0.7715180770497974,0.22848192295020264,0,7241-AJHFS
5672,0.9579167434271137,0.04208325657288629,0,7995-ZHHNZ
3305,0.8503410700137461,0.1496589299862538,0,4710-NKCAW
4635,0.5661945798182539,0.43380542018174606,0,6542-LWGXJ
1114,0.24755007540691043,0.7524499245930896,1,1626-ERCMM
6494,0.3511013038196523,0.6488986961803477,1,9208-OLGAQ
3054,0.9383930657812154,0.06160693421878459,0,4369-NYSCF
1877,0.8592336173814737,0.14076638261852623,0,2722-VOJQL
2577,0.7300776542527347,0.26992234574726526,0,3682-YEUWS
3539,0.6924793871795998,0.30752061282040016,0,5018-HEKFO
547,0.8647429052502582,0.13525709474974176,0,0810-BDHAW
2679,0.7924644326550858,0.20753556734491418,0,3803-KMQFW
1009,0.23622734691131442,0.7637726530886856,1,1455-UGQVH
5388,0.9885758082598268,0.011424191740173137,0,7601-DHFWZ
2608,0.9840802081416332,0.015919791858366773,0,3719-TDVQB
706,0.9338922559769007,0.06610774402309924,0,1042-HFUCW
5530,0.5248117234229337,0.4751882765770663,0,7786-WBJYI
2107,0.6980465643096547,0.3019534356903452,0,3023-GFLBR
5478,0.995500901247466,0.004499098752533982,0,7711-GQBZC
1421,0.797782220557929,0.202217779442071,0,2091-MJTFX
3420,0.5896626984020517,0.4103373015979483,0,4847-QNOKA
5845,0.8807671110349449,0.11923288896505511,0,8220-OCUFY
1637,0.34914280350188065,0.6508571964981194,1,2379-ENZGV
4077,0.5579721477629764,0.4420278522370235,0,5759-RCVCB
129,0.48300021596976583,0.5169997840302342,1,0221-WMXNQ
6761,0.4698588780038834,0.5301411219961166,1,9600-UDOPK
3637,0.9856408433533084,0.014359156646691573,0,5148-ORICT
4424,0.5389892268700037,0.4610107731299963,0,6235-VDHOM
1838,0.36609082646066526,0.6339091735393347,1,2674-MIAHT
2183,0.9582243409091057,0.04177565909089435,0,3129-AAQOU
5,0.6596516010501916,0.34034839894980845,0,0013-MHZWF
4164,0.9532203700755189,0.04677962992448119,0,5887-IKKYO
6849,0.7023810570381351,0.29761894296186486,0,9732-EQMWY
5922,0.41228526137663035,0.5877147386233696,1,8337-MSSXB
404,0.9829889733546565,0.01701102664534347,0,0602-DDUML
6265,0.3583143034116011,0.6416856965883989,1,8868-WOZGU
2238,0.9410376392381522,0.05896236076184775,0,3197-NNYNB
3141,0.936817974722014,0.06318202527798604,0,4508-OEBEY
5955,0.3733460311448087,0.6266539688551913,1,8397-MVTAZ
6332,0.9962854941180969,0.00371450588190316,0,8966-SNIZF
4617,0.9239434925120928,0.07605650748790711,0,6508-NJYRO
3573,0.9298915336962118,0.0701084663037882,0,5062-CJJKH
5443,0.5562401818313794,0.44375981816862065,0,7663-RGWBC
2235,0.6575933371254792,0.3424066628745208,0,3195-TQDZX
4003,0.4342847941104879,0.5657152058895121,1,5649-ANRML
5699,0.8089445212546555,0.19105547874534445,0,8033-ATFAS
6877,0.8877722319822506,0.11222776801774938,0,9770-KXGQU
428,0.520826087925503,0.479173912074497,0,0623-IIHUG
3209,0.9321003911399464,0.06789960886005364,0,4598-ZADCK
2174,0.9833540391610532,0.016645960838946778,0,3108-PCCGG
4811,0.7323767842037696,0.26762321579623033,0,6769-DYBQN
921,0.85788959882996,0.14211040117003998,0,1337-BOZWO
5624,0.9160980918391701,0.0839019081608299,0,7925-PNRGI
1202,0.7950393307360333,0.20496066926396667,0,1768-HNVGJ
1945,0.4573795864765321,0.5426204135234679,1,2823-LKABH
5136,0.9288983173928392,0.07110168260716081,0,7233-IOQNP
1883,0.7109297756406252,0.28907022435937485,0,2731-GJRDG
3097,0.3766435660838179,0.6233564339161821,1,4441-NIHPT
2727,0.9641234977021881,0.03587650229781188,0,3882-IYOIJ
6042,0.8141333741002054,0.18586662589979464,0,8563-IIOXK
836,0.7259932390930963,0.27400676090690373,0,1217-VASWC
4573,0.9547254069505361,0.045274593049463935,0,6447-EGDIV
6585,0.9786856697045382,0.021314330295461793,0,9361-YNQWJ
3071,0.7666672450963087,0.23333275490369135,0,4393-RYCRE
1097,0.5496304777027223,0.45036952229727767,0,1597-FZREH
6441,0.5459882537649206,0.4540117462350794,0,9117-SHLZX
5985,0.9898672213925815,0.010132778607418444,0,8441-SHIPE
2452,0.9948071559758005,0.005192844024199539,0,3511-BFTJW
983,0.4609622074374302,0.5390377925625698,1,1428-GTBJJ
